Inference dataset: data/holdout_split_batch12_perm/symbolic_batch12_perm_utt_0.2_0.pkl
Load model and checkpoint: model/t5-base/checkpoint-9000
Number of trainable parameters in t5-base: 222903552
Number of training samples: 38930
Number of validation samples: 10725

1/10725
Partial result: 0/1 = 0.0
visit | 1 ('a',)
eventually you must go to a
F a
G F a
False

2/10725
Partial result: 0/2 = 0.0
visit | 1 ('b',)
eventually you must go to b
F b
G F b
False

3/10725
Partial result: 0/3 = 0.0
visit | 1 ('c',)
eventually you must go to c
F c
G F c
False

4/10725
Partial result: 0/4 = 0.0
visit | 1 ('d',)
eventually you must go to d
F d
G F d
False

5/10725
Partial result: 0/5 = 0.0
visit | 1 ('h',)
eventually you must go to h
F h
G F h
False

6/10725
Partial result: 1/6 = 0.16666666666666666
visit | 1 ('a',)
make your way to a
F a
F a
True

7/10725
Partial result: 2/7 = 0.2857142857142857
visit | 1 ('b',)
make your way to b
F b
F b
True

8/10725
Partial result: 3/8 = 0.375
visit | 1 ('c',)
make your way to c
F c
F c
True

9/10725
Partial result: 4/9 = 0.4444444444444444
visit | 1 ('d',)
make your way to d
F d
F d
True

10/10725
Partial result: 5/10 = 0.5
visit | 1 ('h',)
make your way to h
F h
F h
True

11/10725
Partial result: 6/11 = 0.5454545454545454
visit | 1 ('a',)
visit a
F a
F a
True

12/10725
Partial result: 7/12 = 0.5833333333333334
visit | 1 ('b',)
visit b
F b
F b
True

13/10725
Partial result: 8/13 = 0.6153846153846154
visit | 1 ('c',)
visit c
F c
F c
True

14/10725
Partial result: 9/14 = 0.6428571428571429
visit | 1 ('d',)
visit d
F d
F d
True

15/10725
Partial result: 10/15 = 0.6666666666666666
visit | 1 ('h',)
visit h
F h
F h
True

16/10725
Partial result: 11/16 = 0.6875
visit | 1 ('a',)
travel to a
F a
F a
True

17/10725
Partial result: 12/17 = 0.7058823529411765
visit | 1 ('b',)
travel to b
F b
F b
True

18/10725
Partial result: 13/18 = 0.7222222222222222
visit | 1 ('c',)
travel to c
F c
F c
True

19/10725
Partial result: 14/19 = 0.7368421052631579
visit | 1 ('d',)
travel to d
F d
F d
True

20/10725
Partial result: 15/20 = 0.75
visit | 1 ('h',)
travel to h
F h
F h
True

21/10725
Partial result: 16/21 = 0.7619047619047619
visit | 1 ('a',)
reach a
F a
F a
True

22/10725
Partial result: 17/22 = 0.7727272727272727
visit | 1 ('b',)
reach b
F b
F b
True

23/10725
Partial result: 18/23 = 0.782608695652174
visit | 1 ('c',)
reach c
F c
F c
True

24/10725
Partial result: 19/24 = 0.7916666666666666
visit | 1 ('d',)
reach d
F d
F d
True

25/10725
Partial result: 20/25 = 0.8
visit | 1 ('h',)
reach h
F h
F h
True

26/10725
Partial result: 21/26 = 0.8076923076923077
visit | 1 ('a',)
find a
F a
F a
True

27/10725
Partial result: 22/27 = 0.8148148148148148
visit | 1 ('b',)
find b
F b
F b
True

28/10725
Partial result: 23/28 = 0.8214285714285714
visit | 1 ('c',)
find c
F c
F c
True

29/10725
Partial result: 24/29 = 0.8275862068965517
visit | 1 ('d',)
find d
F d
F d
True

30/10725
Partial result: 25/30 = 0.8333333333333334
visit | 1 ('h',)
find h
F h
F h
True

31/10725
Partial result: 26/31 = 0.8387096774193549
visit | 2 ('a', 'b')
sometime along the way go to a and b
& F a F b
& F a F b
True

32/10725
Partial result: 27/32 = 0.84375
visit | 2 ('a', 'c')
sometime along the way go to a and c
& F a F c
& F a F c
True

33/10725
Partial result: 28/33 = 0.8484848484848485
visit | 2 ('a', 'd')
sometime along the way go to a and d
& F a F d
& F a F d
True

34/10725
Partial result: 29/34 = 0.8529411764705882
visit | 2 ('a', 'h')
sometime along the way go to a and h
& F a F h
& F a F h
True

35/10725
Partial result: 30/35 = 0.8571428571428571
visit | 2 ('b', 'a')
sometime along the way go to b and a
& F b F a
& F b F a
True

36/10725
Partial result: 31/36 = 0.8611111111111112
visit | 2 ('b', 'c')
sometime along the way go to b and c
& F b F c
& F b F c
True

37/10725
Partial result: 32/37 = 0.8648648648648649
visit | 2 ('b', 'd')
sometime along the way go to b and d
& F b F d
& F b F d
True

38/10725
Partial result: 33/38 = 0.868421052631579
visit | 2 ('b', 'h')
sometime along the way go to b and h
& F b F h
& F b F h
True

39/10725
Partial result: 34/39 = 0.8717948717948718
visit | 2 ('c', 'a')
sometime along the way go to c and a
& F c F a
& F c F a
True

40/10725
Partial result: 35/40 = 0.875
visit | 2 ('c', 'b')
sometime along the way go to c and b
& F c F b
& F c F b
True

41/10725
Partial result: 36/41 = 0.8780487804878049
visit | 2 ('c', 'd')
sometime along the way go to c and d
& F c F d
& F c F d
True

42/10725
Partial result: 37/42 = 0.8809523809523809
visit | 2 ('c', 'h')
sometime along the way go to c and h
& F c F h
& F c F h
True

43/10725
Partial result: 38/43 = 0.8837209302325582
visit | 2 ('d', 'a')
sometime along the way go to d and a
& F d F a
& F d F a
True

44/10725
Partial result: 39/44 = 0.8863636363636364
visit | 2 ('d', 'b')
sometime along the way go to d and b
& F d F b
& F d F b
True

45/10725
Partial result: 40/45 = 0.8888888888888888
visit | 2 ('d', 'c')
sometime along the way go to d and c
& F d F c
& F d F c
True

46/10725
Partial result: 41/46 = 0.8913043478260869
visit | 2 ('d', 'h')
sometime along the way go to d and h
& F d F h
& F d F h
True

47/10725
Partial result: 42/47 = 0.8936170212765957
visit | 2 ('h', 'a')
sometime along the way go to h and a
& F h F a
& F h F a
True

48/10725
Partial result: 43/48 = 0.8958333333333334
visit | 2 ('h', 'b')
sometime along the way go to h and b
& F h F b
& F h F b
True

49/10725
Partial result: 44/49 = 0.8979591836734694
visit | 2 ('h', 'c')
sometime along the way go to h and c
& F h F c
& F h F c
True

50/10725
Partial result: 45/50 = 0.9
visit | 2 ('h', 'd')
sometime along the way go to h and d
& F h F d
& F h F d
True

51/10725
Partial result: 46/51 = 0.9019607843137255
visit | 2 ('a', 'b')
visit a and b
& F a F b
& F a F b
True

52/10725
Partial result: 47/52 = 0.9038461538461539
visit | 2 ('a', 'c')
visit a and c
& F a F c
& F a F c
True

53/10725
Partial result: 48/53 = 0.9056603773584906
visit | 2 ('a', 'd')
visit a and d
& F a F d
& F a F d
True

54/10725
Partial result: 49/54 = 0.9074074074074074
visit | 2 ('a', 'h')
visit a and h
& F a F h
& F a F h
True

55/10725
Partial result: 50/55 = 0.9090909090909091
visit | 2 ('b', 'a')
visit b and a
& F b F a
& F b F a
True

56/10725
Partial result: 51/56 = 0.9107142857142857
visit | 2 ('b', 'c')
visit b and c
& F b F c
& F b F c
True

57/10725
Partial result: 52/57 = 0.9122807017543859
visit | 2 ('b', 'd')
visit b and d
& F b F d
& F b F d
True

58/10725
Partial result: 53/58 = 0.9137931034482759
visit | 2 ('b', 'h')
visit b and h
& F b F h
& F b F h
True

59/10725
Partial result: 54/59 = 0.9152542372881356
visit | 2 ('c', 'a')
visit c and a
& F c F a
& F c F a
True

60/10725
Partial result: 55/60 = 0.9166666666666666
visit | 2 ('c', 'b')
visit c and b
& F c F b
& F c F b
True

61/10725
Partial result: 56/61 = 0.9180327868852459
visit | 2 ('c', 'd')
visit c and d
& F c F d
& F c F d
True

62/10725
Partial result: 57/62 = 0.9193548387096774
visit | 2 ('c', 'h')
visit c and h
& F c F h
& F c F h
True

63/10725
Partial result: 58/63 = 0.9206349206349206
visit | 2 ('d', 'a')
visit d and a
& F d F a
& F d F a
True

64/10725
Partial result: 59/64 = 0.921875
visit | 2 ('d', 'b')
visit d and b
& F d F b
& F d F b
True

65/10725
Partial result: 60/65 = 0.9230769230769231
visit | 2 ('d', 'c')
visit d and c
& F d F c
& F d F c
True

66/10725
Partial result: 61/66 = 0.9242424242424242
visit | 2 ('d', 'h')
visit d and h
& F d F h
& F d F h
True

67/10725
Partial result: 62/67 = 0.9253731343283582
visit | 2 ('h', 'a')
visit h and a
& F h F a
& F h F a
True

68/10725
Partial result: 63/68 = 0.9264705882352942
visit | 2 ('h', 'b')
visit h and b
& F h F b
& F h F b
True

69/10725
Partial result: 64/69 = 0.927536231884058
visit | 2 ('h', 'c')
visit h and c
& F h F c
& F h F c
True

70/10725
Partial result: 65/70 = 0.9285714285714286
visit | 2 ('h', 'd')
visit h and d
& F h F d
& F h F d
True

71/10725
Partial result: 66/71 = 0.9295774647887324
visit | 2 ('a', 'b')
go to a and go to b
& F a F b
& F a F b
True

72/10725
Partial result: 67/72 = 0.9305555555555556
visit | 2 ('a', 'c')
go to a and go to c
& F a F c
& F a F c
True

73/10725
Partial result: 67/73 = 0.9178082191780822
visit | 2 ('a', 'd')
go to a and go to d
& F a F d
F & a F d
False

74/10725
Partial result: 68/74 = 0.918918918918919
visit | 2 ('a', 'h')
go to a and go to h
& F a F h
& F a F h
True

75/10725
Partial result: 69/75 = 0.92
visit | 2 ('b', 'a')
go to b and go to a
& F b F a
& F b F a
True

76/10725
Partial result: 70/76 = 0.9210526315789473
visit | 2 ('b', 'c')
go to b and go to c
& F b F c
& F b F c
True

77/10725
Partial result: 71/77 = 0.922077922077922
visit | 2 ('b', 'd')
go to b and go to d
& F b F d
& F b F d
True

78/10725
Partial result: 72/78 = 0.9230769230769231
visit | 2 ('b', 'h')
go to b and go to h
& F b F h
& F b F h
True

79/10725
Partial result: 73/79 = 0.9240506329113924
visit | 2 ('c', 'a')
go to c and go to a
& F c F a
& F c F a
True

80/10725
Partial result: 74/80 = 0.925
visit | 2 ('c', 'b')
go to c and go to b
& F c F b
& F c F b
True

81/10725
Partial result: 75/81 = 0.9259259259259259
visit | 2 ('c', 'd')
go to c and go to d
& F c F d
& F c F d
True

82/10725
Partial result: 76/82 = 0.926829268292683
visit | 2 ('c', 'h')
go to c and go to h
& F c F h
& F c F h
True

83/10725
Partial result: 77/83 = 0.927710843373494
visit | 2 ('d', 'a')
go to d and go to a
& F d F a
& F d F a
True

84/10725
Partial result: 78/84 = 0.9285714285714286
visit | 2 ('d', 'b')
go to d and go to b
& F d F b
& F d F b
True

85/10725
Partial result: 79/85 = 0.9294117647058824
visit | 2 ('d', 'c')
go to d and go to c
& F d F c
& F d F c
True

86/10725
Partial result: 80/86 = 0.9302325581395349
visit | 2 ('d', 'h')
go to d and go to h
& F d F h
& F d F h
True

87/10725
Partial result: 81/87 = 0.9310344827586207
visit | 2 ('h', 'a')
go to h and go to a
& F h F a
& F h F a
True

88/10725
Partial result: 82/88 = 0.9318181818181818
visit | 2 ('h', 'b')
go to h and go to b
& F h F b
& F h F b
True

89/10725
Partial result: 83/89 = 0.9325842696629213
visit | 2 ('h', 'c')
go to h and go to c
& F h F c
& F h F c
True

90/10725
Partial result: 84/90 = 0.9333333333333333
visit | 2 ('h', 'd')
go to h and go to d
& F h F d
& F h F d
True

91/10725
Partial result: 85/91 = 0.9340659340659341
visit | 2 ('a', 'b')
visit both a and b
& F a F b
& F a F b
True

92/10725
Partial result: 86/92 = 0.9347826086956522
visit | 2 ('a', 'c')
visit both a and c
& F a F c
& F a F c
True

93/10725
Partial result: 87/93 = 0.9354838709677419
visit | 2 ('a', 'd')
visit both a and d
& F a F d
& F a F d
True

94/10725
Partial result: 88/94 = 0.9361702127659575
visit | 2 ('a', 'h')
visit both a and h
& F a F h
& F a F h
True

95/10725
Partial result: 89/95 = 0.9368421052631579
visit | 2 ('b', 'a')
visit both b and a
& F b F a
& F b F a
True

96/10725
Partial result: 90/96 = 0.9375
visit | 2 ('b', 'c')
visit both b and c
& F b F c
& F b F c
True

97/10725
Partial result: 91/97 = 0.9381443298969072
visit | 2 ('b', 'd')
visit both b and d
& F b F d
& F b F d
True

98/10725
Partial result: 92/98 = 0.9387755102040817
visit | 2 ('b', 'h')
visit both b and h
& F b F h
& F b F h
True

99/10725
Partial result: 93/99 = 0.9393939393939394
visit | 2 ('c', 'a')
visit both c and a
& F c F a
& F c F a
True

100/10725
Partial result: 94/100 = 0.94
visit | 2 ('c', 'b')
visit both c and b
& F c F b
& F c F b
True

101/10725
Partial result: 95/101 = 0.9405940594059405
visit | 2 ('c', 'd')
visit both c and d
& F c F d
& F c F d
True

102/10725
Partial result: 96/102 = 0.9411764705882353
visit | 2 ('c', 'h')
visit both c and h
& F c F h
& F c F h
True

103/10725
Partial result: 97/103 = 0.941747572815534
visit | 2 ('d', 'a')
visit both d and a
& F d F a
& F d F a
True

104/10725
Partial result: 98/104 = 0.9423076923076923
visit | 2 ('d', 'b')
visit both d and b
& F d F b
& F d F b
True

105/10725
Partial result: 99/105 = 0.9428571428571428
visit | 2 ('d', 'c')
visit both d and c
& F d F c
& F d F c
True

106/10725
Partial result: 100/106 = 0.9433962264150944
visit | 2 ('d', 'h')
visit both d and h
& F d F h
& F d F h
True

107/10725
Partial result: 101/107 = 0.9439252336448598
visit | 2 ('h', 'a')
visit both h and a
& F h F a
& F h F a
True

108/10725
Partial result: 102/108 = 0.9444444444444444
visit | 2 ('h', 'b')
visit both h and b
& F h F b
& F h F b
True

109/10725
Partial result: 103/109 = 0.944954128440367
visit | 2 ('h', 'c')
visit both h and c
& F h F c
& F h F c
True

110/10725
Partial result: 104/110 = 0.9454545454545454
visit | 2 ('h', 'd')
visit both h and d
& F h F d
& F h F d
True

111/10725
Partial result: 105/111 = 0.9459459459459459
visit | 2 ('a', 'b')
go to a and b in any order
& F a F b
& F a F b
True

112/10725
Partial result: 106/112 = 0.9464285714285714
visit | 2 ('a', 'c')
go to a and c in any order
& F a F c
& F a F c
True

113/10725
Partial result: 107/113 = 0.9469026548672567
visit | 2 ('a', 'd')
go to a and d in any order
& F a F d
& F a F d
True

114/10725
Partial result: 108/114 = 0.9473684210526315
visit | 2 ('a', 'h')
go to a and h in any order
& F a F h
& F a F h
True

115/10725
Partial result: 109/115 = 0.9478260869565217
visit | 2 ('b', 'a')
go to b and a in any order
& F b F a
& F a F b
True

116/10725
Partial result: 110/116 = 0.9482758620689655
visit | 2 ('b', 'c')
go to b and c in any order
& F b F c
& F c F b
True

117/10725
Partial result: 111/117 = 0.9487179487179487
visit | 2 ('b', 'd')
go to b and d in any order
& F b F d
& F d F b
True

118/10725
Partial result: 112/118 = 0.9491525423728814
visit | 2 ('b', 'h')
go to b and h in any order
& F b F h
& F h F b
True

119/10725
Partial result: 113/119 = 0.9495798319327731
visit | 2 ('c', 'a')
go to c and a in any order
& F c F a
& F c F a
True

120/10725
Partial result: 114/120 = 0.95
visit | 2 ('c', 'b')
go to c and b in any order
& F c F b
& F b F c
True

121/10725
Partial result: 115/121 = 0.9504132231404959
visit | 2 ('c', 'd')
go to c and d in any order
& F c F d
& F d F c
True

122/10725
Partial result: 116/122 = 0.9508196721311475
visit | 2 ('c', 'h')
go to c and h in any order
& F c F h
& F c F h
True

123/10725
Partial result: 117/123 = 0.9512195121951219
visit | 2 ('d', 'a')
go to d and a in any order
& F d F a
& F a F d
True

124/10725
Partial result: 118/124 = 0.9516129032258065
visit | 2 ('d', 'b')
go to d and b in any order
& F d F b
& F b F d
True

125/10725
Partial result: 119/125 = 0.952
visit | 2 ('d', 'c')
go to d and c in any order
& F d F c
& F d F c
True

126/10725
Partial result: 120/126 = 0.9523809523809523
visit | 2 ('d', 'h')
go to d and h in any order
& F d F h
& F d F h
True

127/10725
Partial result: 121/127 = 0.952755905511811
visit | 2 ('h', 'a')
go to h and a in any order
& F h F a
& F h F a
True

128/10725
Partial result: 122/128 = 0.953125
visit | 2 ('h', 'b')
go to h and b in any order
& F h F b
& F b F h
True

129/10725
Partial result: 123/129 = 0.9534883720930233
visit | 2 ('h', 'c')
go to h and c in any order
& F h F c
& F h F c
True

130/10725
Partial result: 124/130 = 0.9538461538461539
visit | 2 ('h', 'd')
go to h and d in any order
& F h F d
& F h F d
True

131/10725
Partial result: 124/131 = 0.9465648854961832
visit | 2 ('a', 'b')
pick one from a and b go there and then head to the other one
& F a F b
F & a F b
False

132/10725
Partial result: 124/132 = 0.9393939393939394
visit | 2 ('a', 'c')
pick one from a and c go there and then head to the other one
& F a F c
F & a F c
False

133/10725
Partial result: 124/133 = 0.9323308270676691
visit | 2 ('a', 'd')
pick one from a and d go there and then head to the other one
& F a F d
F & a F d
False

134/10725
Partial result: 124/134 = 0.9253731343283582
visit | 2 ('a', 'h')
pick one from a and h go there and then head to the other one
& F a F h
F & a F h
False

135/10725
Partial result: 124/135 = 0.9185185185185185
visit | 2 ('b', 'a')
pick one from b and a go there and then head to the other one
& F b F a
F & b F a
False

136/10725
Partial result: 124/136 = 0.9117647058823529
visit | 2 ('b', 'c')
pick one from b and c go there and then head to the other one
& F b F c
F & b F c
False

137/10725
Partial result: 124/137 = 0.9051094890510949
visit | 2 ('b', 'd')
pick one from b and d go there and then head to the other one
& F b F d
F & b F d
False

138/10725
Partial result: 124/138 = 0.8985507246376812
visit | 2 ('b', 'h')
pick one from b and h go there and then head to the other one
& F b F h
F & b F h
False

139/10725
Partial result: 124/139 = 0.8920863309352518
visit | 2 ('c', 'a')
pick one from c and a go there and then head to the other one
& F c F a
F & c F a
False

140/10725
Partial result: 124/140 = 0.8857142857142857
visit | 2 ('c', 'b')
pick one from c and b go there and then head to the other one
& F c F b
F & c F b
False

141/10725
Partial result: 124/141 = 0.8794326241134752
visit | 2 ('c', 'd')
pick one from c and d go there and then head to the other one
& F c F d
F & c F d
False

142/10725
Partial result: 124/142 = 0.8732394366197183
visit | 2 ('c', 'h')
pick one from c and h go there and then head to the other one
& F c F h
F & c F h
False

143/10725
Partial result: 124/143 = 0.8671328671328671
visit | 2 ('d', 'a')
pick one from d and a go there and then head to the other one
& F d F a
F & d F a
False

144/10725
Partial result: 124/144 = 0.8611111111111112
visit | 2 ('d', 'b')
pick one from d and b go there and then head to the other one
& F d F b
F & d F b
False

145/10725
Partial result: 124/145 = 0.8551724137931035
visit | 2 ('d', 'c')
pick one from d and c go there and then head to the other one
& F d F c
F & d F c
False

146/10725
Partial result: 124/146 = 0.8493150684931506
visit | 2 ('d', 'h')
pick one from d and h go there and then head to the other one
& F d F h
F & d F h
False

147/10725
Partial result: 124/147 = 0.8435374149659864
visit | 2 ('h', 'a')
pick one from h and a go there and then head to the other one
& F h F a
F & h F a
False

148/10725
Partial result: 124/148 = 0.8378378378378378
visit | 2 ('h', 'b')
pick one from h and b go there and then head to the other one
& F h F b
F & h F b
False

149/10725
Partial result: 124/149 = 0.8322147651006712
visit | 2 ('h', 'c')
pick one from h and c go there and then head to the other one
& F h F c
F & h F c
False

150/10725
Partial result: 124/150 = 0.8266666666666667
visit | 2 ('h', 'd')
pick one from h and d go there and then head to the other one
& F h F d
F & h F d
False

151/10725
Partial result: 125/151 = 0.8278145695364238
visit | 3 ('a', 'b', 'c')
eventually reach a c and b
& F a & F b F c
& F a & F c F b
True

152/10725
Partial result: 126/152 = 0.8289473684210527
visit | 3 ('a', 'b', 'd')
eventually reach a d and b
& F a & F b F d
& F a & F d F b
True

153/10725
Partial result: 127/153 = 0.8300653594771242
visit | 3 ('a', 'b', 'h')
eventually reach a h and b
& F a & F b F h
& F a & F h F b
True

154/10725
Partial result: 128/154 = 0.8311688311688312
visit | 3 ('a', 'c', 'b')
eventually reach a b and c
& F a & F c F b
& F a & F b F c
True

155/10725
Partial result: 129/155 = 0.832258064516129
visit | 3 ('a', 'c', 'd')
eventually reach a d and c
& F a & F c F d
& F a & F d F c
True

156/10725
Partial result: 130/156 = 0.8333333333333334
visit | 3 ('a', 'c', 'h')
eventually reach a h and c
& F a & F c F h
& F a & F h F c
True

157/10725
Partial result: 131/157 = 0.8343949044585988
visit | 3 ('a', 'd', 'b')
eventually reach a b and d
& F a & F d F b
& F a & F b F d
True

158/10725
Partial result: 132/158 = 0.8354430379746836
visit | 3 ('a', 'd', 'c')
eventually reach a c and d
& F a & F d F c
& F a & F c F d
True

159/10725
Partial result: 133/159 = 0.8364779874213837
visit | 3 ('a', 'd', 'h')
eventually reach a h and d
& F a & F d F h
& F a & F h F d
True

160/10725
Partial result: 134/160 = 0.8375
visit | 3 ('a', 'h', 'b')
eventually reach a b and h
& F a & F h F b
& F a & F b F h
True

161/10725
Partial result: 135/161 = 0.8385093167701864
visit | 3 ('a', 'h', 'c')
eventually reach a c and h
& F a & F h F c
& F a & F c F h
True

162/10725
Partial result: 136/162 = 0.8395061728395061
visit | 3 ('a', 'h', 'd')
eventually reach a d and h
& F a & F h F d
& F a & F d F h
True

163/10725
Partial result: 137/163 = 0.8404907975460123
visit | 3 ('b', 'a', 'c')
eventually reach b c and a
& F b & F a F c
& F b & F c F a
True

164/10725
Partial result: 138/164 = 0.8414634146341463
visit | 3 ('b', 'a', 'd')
eventually reach b d and a
& F b & F a F d
& F b & F d F a
True

165/10725
Partial result: 139/165 = 0.8424242424242424
visit | 3 ('b', 'a', 'h')
eventually reach b h and a
& F b & F a F h
& F b & F h F a
True

166/10725
Partial result: 140/166 = 0.8433734939759037
visit | 3 ('b', 'c', 'a')
eventually reach b a and c
& F b & F c F a
& F b & F a F c
True

167/10725
Partial result: 141/167 = 0.844311377245509
visit | 3 ('b', 'c', 'd')
eventually reach b d and c
& F b & F c F d
& F b & F d F c
True

168/10725
Partial result: 142/168 = 0.8452380952380952
visit | 3 ('b', 'c', 'h')
eventually reach b h and c
& F b & F c F h
& F b & F h F c
True

169/10725
Partial result: 143/169 = 0.8461538461538461
visit | 3 ('b', 'd', 'a')
eventually reach b a and d
& F b & F d F a
& F b & F a F d
True

170/10725
Partial result: 144/170 = 0.8470588235294118
visit | 3 ('b', 'd', 'c')
eventually reach b c and d
& F b & F d F c
& F b & F c F d
True

171/10725
Partial result: 145/171 = 0.847953216374269
visit | 3 ('b', 'd', 'h')
eventually reach b h and d
& F b & F d F h
& F b & F h F d
True

172/10725
Partial result: 146/172 = 0.8488372093023255
visit | 3 ('b', 'h', 'a')
eventually reach b a and h
& F b & F h F a
& F b & F a F h
True

173/10725
Partial result: 147/173 = 0.8497109826589595
visit | 3 ('b', 'h', 'c')
eventually reach b c and h
& F b & F h F c
& F b & F c F h
True

174/10725
Partial result: 148/174 = 0.8505747126436781
visit | 3 ('b', 'h', 'd')
eventually reach b d and h
& F b & F h F d
& F b & F d F h
True

175/10725
Partial result: 149/175 = 0.8514285714285714
visit | 3 ('c', 'a', 'b')
eventually reach c b and a
& F c & F a F b
& F c & F b F a
True

176/10725
Partial result: 150/176 = 0.8522727272727273
visit | 3 ('c', 'a', 'd')
eventually reach c d and a
& F c & F a F d
& F c & F d F a
True

177/10725
Partial result: 151/177 = 0.8531073446327684
visit | 3 ('c', 'a', 'h')
eventually reach c h and a
& F c & F a F h
& F c & F h F a
True

178/10725
Partial result: 152/178 = 0.8539325842696629
visit | 3 ('c', 'b', 'a')
eventually reach c a and b
& F c & F b F a
& F c & F a F b
True

179/10725
Partial result: 153/179 = 0.8547486033519553
visit | 3 ('c', 'b', 'd')
eventually reach c d and b
& F c & F b F d
& F c & F d F b
True

180/10725
Partial result: 154/180 = 0.8555555555555555
visit | 3 ('c', 'b', 'h')
eventually reach c h and b
& F c & F b F h
& F c & F h F b
True

181/10725
Partial result: 155/181 = 0.856353591160221
visit | 3 ('c', 'd', 'a')
eventually reach c a and d
& F c & F d F a
& F c & F a F d
True

182/10725
Partial result: 156/182 = 0.8571428571428571
visit | 3 ('c', 'd', 'b')
eventually reach c b and d
& F c & F d F b
& F c & F b F d
True

183/10725
Partial result: 157/183 = 0.8579234972677595
visit | 3 ('c', 'd', 'h')
eventually reach c h and d
& F c & F d F h
& F c & F h F d
True

184/10725
Partial result: 158/184 = 0.8586956521739131
visit | 3 ('c', 'h', 'a')
eventually reach c a and h
& F c & F h F a
& F c & F a F h
True

185/10725
Partial result: 159/185 = 0.8594594594594595
visit | 3 ('c', 'h', 'b')
eventually reach c b and h
& F c & F h F b
& F c & F b F h
True

186/10725
Partial result: 160/186 = 0.8602150537634409
visit | 3 ('c', 'h', 'd')
eventually reach c d and h
& F c & F h F d
& F c & F d F h
True

187/10725
Partial result: 161/187 = 0.8609625668449198
visit | 3 ('d', 'a', 'b')
eventually reach d b and a
& F d & F a F b
& F d & F b F a
True

188/10725
Partial result: 162/188 = 0.8617021276595744
visit | 3 ('d', 'a', 'c')
eventually reach d c and a
& F d & F a F c
& F d & F c F a
True

189/10725
Partial result: 163/189 = 0.8624338624338624
visit | 3 ('d', 'a', 'h')
eventually reach d h and a
& F d & F a F h
& F d & F h F a
True

190/10725
Partial result: 164/190 = 0.8631578947368421
visit | 3 ('d', 'b', 'a')
eventually reach d a and b
& F d & F b F a
& F d & F a F b
True

191/10725
Partial result: 165/191 = 0.8638743455497382
visit | 3 ('d', 'b', 'c')
eventually reach d c and b
& F d & F b F c
& F d & F c F b
True

192/10725
Partial result: 166/192 = 0.8645833333333334
visit | 3 ('d', 'b', 'h')
eventually reach d h and b
& F d & F b F h
& F d & F h F b
True

193/10725
Partial result: 167/193 = 0.8652849740932642
visit | 3 ('d', 'c', 'a')
eventually reach d a and c
& F d & F c F a
& F d & F a F c
True

194/10725
Partial result: 168/194 = 0.865979381443299
visit | 3 ('d', 'c', 'b')
eventually reach d b and c
& F d & F c F b
& F d & F b F c
True

195/10725
Partial result: 169/195 = 0.8666666666666667
visit | 3 ('d', 'c', 'h')
eventually reach d h and c
& F d & F c F h
& F d & F h F c
True

196/10725
Partial result: 170/196 = 0.8673469387755102
visit | 3 ('d', 'h', 'a')
eventually reach d a and h
& F d & F h F a
& F d & F a F h
True

197/10725
Partial result: 171/197 = 0.868020304568528
visit | 3 ('d', 'h', 'b')
eventually reach d b and h
& F d & F h F b
& F d & F b F h
True

198/10725
Partial result: 172/198 = 0.8686868686868687
visit | 3 ('d', 'h', 'c')
eventually reach d c and h
& F d & F h F c
& F d & F c F h
True

199/10725
Partial result: 173/199 = 0.8693467336683417
visit | 3 ('h', 'a', 'b')
eventually reach h b and a
& F h & F a F b
& F h & F b F a
True

200/10725
Partial result: 174/200 = 0.87
visit | 3 ('h', 'a', 'c')
eventually reach h c and a
& F h & F a F c
& F h & F c F a
True

201/10725
Partial result: 175/201 = 0.8706467661691543
visit | 3 ('h', 'a', 'd')
eventually reach h d and a
& F h & F a F d
& F h & F d F a
True

202/10725
Partial result: 176/202 = 0.8712871287128713
visit | 3 ('h', 'b', 'a')
eventually reach h a and b
& F h & F b F a
& F h & F a F b
True

203/10725
Partial result: 177/203 = 0.8719211822660099
visit | 3 ('h', 'b', 'c')
eventually reach h c and b
& F h & F b F c
& F h & F c F b
True

204/10725
Partial result: 178/204 = 0.8725490196078431
visit | 3 ('h', 'b', 'd')
eventually reach h d and b
& F h & F b F d
& F h & F d F b
True

205/10725
Partial result: 179/205 = 0.8731707317073171
visit | 3 ('h', 'c', 'a')
eventually reach h a and c
& F h & F c F a
& F h & F a F c
True

206/10725
Partial result: 180/206 = 0.8737864077669902
visit | 3 ('h', 'c', 'b')
eventually reach h b and c
& F h & F c F b
& F h & F b F c
True

207/10725
Partial result: 181/207 = 0.8743961352657005
visit | 3 ('h', 'c', 'd')
eventually reach h d and c
& F h & F c F d
& F h & F d F c
True

208/10725
Partial result: 182/208 = 0.875
visit | 3 ('h', 'd', 'a')
eventually reach h a and d
& F h & F d F a
& F h & F a F d
True

209/10725
Partial result: 183/209 = 0.8755980861244019
visit | 3 ('h', 'd', 'b')
eventually reach h b and d
& F h & F d F b
& F h & F b F d
True

210/10725
Partial result: 184/210 = 0.8761904761904762
visit | 3 ('h', 'd', 'c')
eventually reach h c and d
& F h & F d F c
& F h & F c F d
True

211/10725
Partial result: 185/211 = 0.8767772511848341
visit | 3 ('a', 'b', 'c')
when you have the chance can you go to a c and b
& F a & F b F c
& F a & F c F b
True

212/10725
Partial result: 186/212 = 0.8773584905660378
visit | 3 ('a', 'b', 'd')
when you have the chance can you go to a d and b
& F a & F b F d
& F a & F d F b
True

213/10725
Partial result: 187/213 = 0.8779342723004695
visit | 3 ('a', 'b', 'h')
when you have the chance can you go to a h and b
& F a & F b F h
& F a & F h F b
True

214/10725
Partial result: 188/214 = 0.8785046728971962
visit | 3 ('a', 'c', 'b')
when you have the chance can you go to a b and c
& F a & F c F b
& F a & F b F c
True

215/10725
Partial result: 189/215 = 0.8790697674418605
visit | 3 ('a', 'c', 'd')
when you have the chance can you go to a d and c
& F a & F c F d
& F a & F d F c
True

216/10725
Partial result: 190/216 = 0.8796296296296297
visit | 3 ('a', 'c', 'h')
when you have the chance can you go to a h and c
& F a & F c F h
& F a & F h F c
True

217/10725
Partial result: 191/217 = 0.880184331797235
visit | 3 ('a', 'd', 'b')
when you have the chance can you go to a b and d
& F a & F d F b
& F a & F b F d
True

218/10725
Partial result: 192/218 = 0.8807339449541285
visit | 3 ('a', 'd', 'c')
when you have the chance can you go to a c and d
& F a & F d F c
& F a & F c F d
True

219/10725
Partial result: 193/219 = 0.8812785388127854
visit | 3 ('a', 'd', 'h')
when you have the chance can you go to a h and d
& F a & F d F h
& F a & F h F d
True

220/10725
Partial result: 194/220 = 0.8818181818181818
visit | 3 ('a', 'h', 'b')
when you have the chance can you go to a b and h
& F a & F h F b
& F a & F b F h
True

221/10725
Partial result: 195/221 = 0.8823529411764706
visit | 3 ('a', 'h', 'c')
when you have the chance can you go to a c and h
& F a & F h F c
& F a & F c F h
True

222/10725
Partial result: 196/222 = 0.8828828828828829
visit | 3 ('a', 'h', 'd')
when you have the chance can you go to a d and h
& F a & F h F d
& F a & F d F h
True

223/10725
Partial result: 197/223 = 0.8834080717488789
visit | 3 ('b', 'a', 'c')
when you have the chance can you go to b c and a
& F b & F a F c
& F b & F c F a
True

224/10725
Partial result: 198/224 = 0.8839285714285714
visit | 3 ('b', 'a', 'd')
when you have the chance can you go to b d and a
& F b & F a F d
& F b & F d F a
True

225/10725
Partial result: 199/225 = 0.8844444444444445
visit | 3 ('b', 'a', 'h')
when you have the chance can you go to b h and a
& F b & F a F h
& F b & F h F a
True

226/10725
Partial result: 200/226 = 0.8849557522123894
visit | 3 ('b', 'c', 'a')
when you have the chance can you go to b a and c
& F b & F c F a
& F b & F a F c
True

227/10725
Partial result: 201/227 = 0.8854625550660793
visit | 3 ('b', 'c', 'd')
when you have the chance can you go to b d and c
& F b & F c F d
& F b & F d F c
True

228/10725
Partial result: 202/228 = 0.8859649122807017
visit | 3 ('b', 'c', 'h')
when you have the chance can you go to b h and c
& F b & F c F h
& F b & F h F c
True

229/10725
Partial result: 203/229 = 0.8864628820960698
visit | 3 ('b', 'd', 'a')
when you have the chance can you go to b a and d
& F b & F d F a
& F b & F a F d
True

230/10725
Partial result: 204/230 = 0.8869565217391304
visit | 3 ('b', 'd', 'c')
when you have the chance can you go to b c and d
& F b & F d F c
& F b & F c F d
True

231/10725
Partial result: 205/231 = 0.8874458874458875
visit | 3 ('b', 'd', 'h')
when you have the chance can you go to b h and d
& F b & F d F h
& F b & F h F d
True

232/10725
Partial result: 206/232 = 0.8879310344827587
visit | 3 ('b', 'h', 'a')
when you have the chance can you go to b a and h
& F b & F h F a
& F b & F a F h
True

233/10725
Partial result: 207/233 = 0.8884120171673819
visit | 3 ('b', 'h', 'c')
when you have the chance can you go to b c and h
& F b & F h F c
& F b & F c F h
True

234/10725
Partial result: 208/234 = 0.8888888888888888
visit | 3 ('b', 'h', 'd')
when you have the chance can you go to b d and h
& F b & F h F d
& F b & F d F h
True

235/10725
Partial result: 209/235 = 0.8893617021276595
visit | 3 ('c', 'a', 'b')
when you have the chance can you go to c b and a
& F c & F a F b
& F c & F b F a
True

236/10725
Partial result: 210/236 = 0.8898305084745762
visit | 3 ('c', 'a', 'd')
when you have the chance can you go to c d and a
& F c & F a F d
& F c & F d F a
True

237/10725
Partial result: 211/237 = 0.890295358649789
visit | 3 ('c', 'a', 'h')
when you have the chance can you go to c h and a
& F c & F a F h
& F c & F h F a
True

238/10725
Partial result: 212/238 = 0.8907563025210085
visit | 3 ('c', 'b', 'a')
when you have the chance can you go to c a and b
& F c & F b F a
& F c & F a F b
True

239/10725
Partial result: 213/239 = 0.891213389121339
visit | 3 ('c', 'b', 'd')
when you have the chance can you go to c d and b
& F c & F b F d
& F c & F d F b
True

240/10725
Partial result: 214/240 = 0.8916666666666667
visit | 3 ('c', 'b', 'h')
when you have the chance can you go to c h and b
& F c & F b F h
& F c & F h F b
True

241/10725
Partial result: 215/241 = 0.8921161825726142
visit | 3 ('c', 'd', 'a')
when you have the chance can you go to c a and d
& F c & F d F a
& F c & F a F d
True

242/10725
Partial result: 216/242 = 0.8925619834710744
visit | 3 ('c', 'd', 'b')
when you have the chance can you go to c b and d
& F c & F d F b
& F c & F b F d
True

243/10725
Partial result: 217/243 = 0.8930041152263375
visit | 3 ('c', 'd', 'h')
when you have the chance can you go to c h and d
& F c & F d F h
& F c & F h F d
True

244/10725
Partial result: 218/244 = 0.8934426229508197
visit | 3 ('c', 'h', 'a')
when you have the chance can you go to c a and h
& F c & F h F a
& F c & F a F h
True

245/10725
Partial result: 219/245 = 0.8938775510204081
visit | 3 ('c', 'h', 'b')
when you have the chance can you go to c b and h
& F c & F h F b
& F c & F b F h
True

246/10725
Partial result: 220/246 = 0.8943089430894309
visit | 3 ('c', 'h', 'd')
when you have the chance can you go to c d and h
& F c & F h F d
& F c & F d F h
True

247/10725
Partial result: 221/247 = 0.8947368421052632
visit | 3 ('d', 'a', 'b')
when you have the chance can you go to d b and a
& F d & F a F b
& F d & F b F a
True

248/10725
Partial result: 222/248 = 0.8951612903225806
visit | 3 ('d', 'a', 'c')
when you have the chance can you go to d c and a
& F d & F a F c
& F d & F c F a
True

249/10725
Partial result: 223/249 = 0.8955823293172691
visit | 3 ('d', 'a', 'h')
when you have the chance can you go to d h and a
& F d & F a F h
& F d & F h F a
True

250/10725
Partial result: 224/250 = 0.896
visit | 3 ('d', 'b', 'a')
when you have the chance can you go to d a and b
& F d & F b F a
& F d & F a F b
True

251/10725
Partial result: 225/251 = 0.896414342629482
visit | 3 ('d', 'b', 'c')
when you have the chance can you go to d c and b
& F d & F b F c
& F d & F c F b
True

252/10725
Partial result: 226/252 = 0.8968253968253969
visit | 3 ('d', 'b', 'h')
when you have the chance can you go to d h and b
& F d & F b F h
& F d & F h F b
True

253/10725
Partial result: 227/253 = 0.8972332015810277
visit | 3 ('d', 'c', 'a')
when you have the chance can you go to d a and c
& F d & F c F a
& F d & F a F c
True

254/10725
Partial result: 228/254 = 0.8976377952755905
visit | 3 ('d', 'c', 'b')
when you have the chance can you go to d b and c
& F d & F c F b
& F d & F b F c
True

255/10725
Partial result: 229/255 = 0.8980392156862745
visit | 3 ('d', 'c', 'h')
when you have the chance can you go to d h and c
& F d & F c F h
& F d & F h F c
True

256/10725
Partial result: 230/256 = 0.8984375
visit | 3 ('d', 'h', 'a')
when you have the chance can you go to d a and h
& F d & F h F a
& F d & F a F h
True

257/10725
Partial result: 231/257 = 0.8988326848249028
visit | 3 ('d', 'h', 'b')
when you have the chance can you go to d b and h
& F d & F h F b
& F d & F b F h
True

258/10725
Partial result: 232/258 = 0.8992248062015504
visit | 3 ('d', 'h', 'c')
when you have the chance can you go to d c and h
& F d & F h F c
& F d & F c F h
True

259/10725
Partial result: 233/259 = 0.8996138996138996
visit | 3 ('h', 'a', 'b')
when you have the chance can you go to h b and a
& F h & F a F b
& F h & F b F a
True

260/10725
Partial result: 234/260 = 0.9
visit | 3 ('h', 'a', 'c')
when you have the chance can you go to h c and a
& F h & F a F c
& F h & F c F a
True

261/10725
Partial result: 235/261 = 0.9003831417624522
visit | 3 ('h', 'a', 'd')
when you have the chance can you go to h d and a
& F h & F a F d
& F h & F d F a
True

262/10725
Partial result: 236/262 = 0.9007633587786259
visit | 3 ('h', 'b', 'a')
when you have the chance can you go to h a and b
& F h & F b F a
& F h & F a F b
True

263/10725
Partial result: 237/263 = 0.9011406844106464
visit | 3 ('h', 'b', 'c')
when you have the chance can you go to h c and b
& F h & F b F c
& F h & F c F b
True

264/10725
Partial result: 238/264 = 0.9015151515151515
visit | 3 ('h', 'b', 'd')
when you have the chance can you go to h d and b
& F h & F b F d
& F h & F d F b
True

265/10725
Partial result: 239/265 = 0.9018867924528302
visit | 3 ('h', 'c', 'a')
when you have the chance can you go to h a and c
& F h & F c F a
& F h & F a F c
True

266/10725
Partial result: 240/266 = 0.9022556390977443
visit | 3 ('h', 'c', 'b')
when you have the chance can you go to h b and c
& F h & F c F b
& F h & F b F c
True

267/10725
Partial result: 241/267 = 0.9026217228464419
visit | 3 ('h', 'c', 'd')
when you have the chance can you go to h d and c
& F h & F c F d
& F h & F d F c
True

268/10725
Partial result: 242/268 = 0.9029850746268657
visit | 3 ('h', 'd', 'a')
when you have the chance can you go to h a and d
& F h & F d F a
& F h & F a F d
True

269/10725
Partial result: 243/269 = 0.9033457249070632
visit | 3 ('h', 'd', 'b')
when you have the chance can you go to h b and d
& F h & F d F b
& F h & F b F d
True

270/10725
Partial result: 244/270 = 0.9037037037037037
visit | 3 ('h', 'd', 'c')
when you have the chance can you go to h c and d
& F h & F d F c
& F h & F c F d
True

271/10725
Partial result: 245/271 = 0.9040590405904059
visit | 3 ('a', 'b', 'c')
reach a b and c
& F a & F b F c
& F a & F b F c
True

272/10725
Partial result: 246/272 = 0.9044117647058824
visit | 3 ('a', 'b', 'd')
reach a b and d
& F a & F b F d
& F a & F b F d
True

273/10725
Partial result: 247/273 = 0.9047619047619048
visit | 3 ('a', 'b', 'h')
reach a b and h
& F a & F b F h
& F a & F b F h
True

274/10725
Partial result: 248/274 = 0.9051094890510949
visit | 3 ('a', 'c', 'b')
reach a c and b
& F a & F c F b
& F a & F c F b
True

275/10725
Partial result: 249/275 = 0.9054545454545454
visit | 3 ('a', 'c', 'd')
reach a c and d
& F a & F c F d
& F a & F c F d
True

276/10725
Partial result: 250/276 = 0.9057971014492754
visit | 3 ('a', 'c', 'h')
reach a c and h
& F a & F c F h
& F a & F c F h
True

277/10725
Partial result: 251/277 = 0.9061371841155235
visit | 3 ('a', 'd', 'b')
reach a d and b
& F a & F d F b
& F a & F d F b
True

278/10725
Partial result: 252/278 = 0.9064748201438849
visit | 3 ('a', 'd', 'c')
reach a d and c
& F a & F d F c
& F a & F d F c
True

279/10725
Partial result: 253/279 = 0.9068100358422939
visit | 3 ('a', 'd', 'h')
reach a d and h
& F a & F d F h
& F a & F d F h
True

280/10725
Partial result: 254/280 = 0.9071428571428571
visit | 3 ('a', 'h', 'b')
reach a h and b
& F a & F h F b
& F a & F h F b
True

281/10725
Partial result: 255/281 = 0.9074733096085409
visit | 3 ('a', 'h', 'c')
reach a h and c
& F a & F h F c
& F a & F h F c
True

282/10725
Partial result: 256/282 = 0.9078014184397163
visit | 3 ('a', 'h', 'd')
reach a h and d
& F a & F h F d
& F a & F h F d
True

283/10725
Partial result: 257/283 = 0.9081272084805654
visit | 3 ('b', 'a', 'c')
reach b a and c
& F b & F a F c
& F b & F a F c
True

284/10725
Partial result: 258/284 = 0.9084507042253521
visit | 3 ('b', 'a', 'd')
reach b a and d
& F b & F a F d
& F b & F a F d
True

285/10725
Partial result: 259/285 = 0.9087719298245615
visit | 3 ('b', 'a', 'h')
reach b a and h
& F b & F a F h
& F b & F a F h
True

286/10725
Partial result: 260/286 = 0.9090909090909091
visit | 3 ('b', 'c', 'a')
reach b c and a
& F b & F c F a
& F b & F c F a
True

287/10725
Partial result: 261/287 = 0.9094076655052264
visit | 3 ('b', 'c', 'd')
reach b c and d
& F b & F c F d
& F b & F c F d
True

288/10725
Partial result: 262/288 = 0.9097222222222222
visit | 3 ('b', 'c', 'h')
reach b c and h
& F b & F c F h
& F b & F c F h
True

289/10725
Partial result: 263/289 = 0.9100346020761245
visit | 3 ('b', 'd', 'a')
reach b d and a
& F b & F d F a
& F b & F d F a
True

290/10725
Partial result: 264/290 = 0.9103448275862069
visit | 3 ('b', 'd', 'c')
reach b d and c
& F b & F d F c
& F b & F d F c
True

291/10725
Partial result: 265/291 = 0.9106529209621993
visit | 3 ('b', 'd', 'h')
reach b d and h
& F b & F d F h
& F b & F d F h
True

292/10725
Partial result: 266/292 = 0.910958904109589
visit | 3 ('b', 'h', 'a')
reach b h and a
& F b & F h F a
& F b & F h F a
True

293/10725
Partial result: 267/293 = 0.9112627986348123
visit | 3 ('b', 'h', 'c')
reach b h and c
& F b & F h F c
& F b & F h F c
True

294/10725
Partial result: 268/294 = 0.9115646258503401
visit | 3 ('b', 'h', 'd')
reach b h and d
& F b & F h F d
& F b & F h F d
True

295/10725
Partial result: 269/295 = 0.911864406779661
visit | 3 ('c', 'a', 'b')
reach c a and b
& F c & F a F b
& F c & F a F b
True

296/10725
Partial result: 270/296 = 0.9121621621621622
visit | 3 ('c', 'a', 'd')
reach c a and d
& F c & F a F d
& F c & F a F d
True

297/10725
Partial result: 271/297 = 0.9124579124579124
visit | 3 ('c', 'a', 'h')
reach c a and h
& F c & F a F h
& F c & F a F h
True

298/10725
Partial result: 272/298 = 0.912751677852349
visit | 3 ('c', 'b', 'a')
reach c b and a
& F c & F b F a
& F c & F b F a
True

299/10725
Partial result: 273/299 = 0.9130434782608695
visit | 3 ('c', 'b', 'd')
reach c b and d
& F c & F b F d
& F c & F b F d
True

300/10725
Partial result: 274/300 = 0.9133333333333333
visit | 3 ('c', 'b', 'h')
reach c b and h
& F c & F b F h
& F c & F b F h
True

301/10725
Partial result: 275/301 = 0.9136212624584718
visit | 3 ('c', 'd', 'a')
reach c d and a
& F c & F d F a
& F c & F d F a
True

302/10725
Partial result: 276/302 = 0.9139072847682119
visit | 3 ('c', 'd', 'b')
reach c d and b
& F c & F d F b
& F c & F d F b
True

303/10725
Partial result: 277/303 = 0.9141914191419142
visit | 3 ('c', 'd', 'h')
reach c d and h
& F c & F d F h
& F c & F d F h
True

304/10725
Partial result: 278/304 = 0.9144736842105263
visit | 3 ('c', 'h', 'a')
reach c h and a
& F c & F h F a
& F c & F h F a
True

305/10725
Partial result: 279/305 = 0.9147540983606557
visit | 3 ('c', 'h', 'b')
reach c h and b
& F c & F h F b
& F c & F h F b
True

306/10725
Partial result: 280/306 = 0.9150326797385621
visit | 3 ('c', 'h', 'd')
reach c h and d
& F c & F h F d
& F c & F h F d
True

307/10725
Partial result: 281/307 = 0.9153094462540716
visit | 3 ('d', 'a', 'b')
reach d a and b
& F d & F a F b
& F d & F a F b
True

308/10725
Partial result: 282/308 = 0.9155844155844156
visit | 3 ('d', 'a', 'c')
reach d a and c
& F d & F a F c
& F d & F a F c
True

309/10725
Partial result: 283/309 = 0.9158576051779935
visit | 3 ('d', 'a', 'h')
reach d a and h
& F d & F a F h
& F d & F a F h
True

310/10725
Partial result: 284/310 = 0.9161290322580645
visit | 3 ('d', 'b', 'a')
reach d b and a
& F d & F b F a
& F d & F b F a
True

311/10725
Partial result: 285/311 = 0.9163987138263665
visit | 3 ('d', 'b', 'c')
reach d b and c
& F d & F b F c
& F d & F b F c
True

312/10725
Partial result: 286/312 = 0.9166666666666666
visit | 3 ('d', 'b', 'h')
reach d b and h
& F d & F b F h
& F d & F b F h
True

313/10725
Partial result: 287/313 = 0.9169329073482428
visit | 3 ('d', 'c', 'a')
reach d c and a
& F d & F c F a
& F d & F c F a
True

314/10725
Partial result: 288/314 = 0.9171974522292994
visit | 3 ('d', 'c', 'b')
reach d c and b
& F d & F c F b
& F d & F c F b
True

315/10725
Partial result: 289/315 = 0.9174603174603174
visit | 3 ('d', 'c', 'h')
reach d c and h
& F d & F c F h
& F d & F c F h
True

316/10725
Partial result: 290/316 = 0.9177215189873418
visit | 3 ('d', 'h', 'a')
reach d h and a
& F d & F h F a
& F d & F h F a
True

317/10725
Partial result: 291/317 = 0.917981072555205
visit | 3 ('d', 'h', 'b')
reach d h and b
& F d & F h F b
& F d & F h F b
True

318/10725
Partial result: 292/318 = 0.9182389937106918
visit | 3 ('d', 'h', 'c')
reach d h and c
& F d & F h F c
& F d & F h F c
True

319/10725
Partial result: 293/319 = 0.9184952978056427
visit | 3 ('h', 'a', 'b')
reach h a and b
& F h & F a F b
& F h & F a F b
True

320/10725
Partial result: 294/320 = 0.91875
visit | 3 ('h', 'a', 'c')
reach h a and c
& F h & F a F c
& F h & F a F c
True

321/10725
Partial result: 295/321 = 0.9190031152647975
visit | 3 ('h', 'a', 'd')
reach h a and d
& F h & F a F d
& F h & F a F d
True

322/10725
Partial result: 296/322 = 0.9192546583850931
visit | 3 ('h', 'b', 'a')
reach h b and a
& F h & F b F a
& F h & F b F a
True

323/10725
Partial result: 297/323 = 0.9195046439628483
visit | 3 ('h', 'b', 'c')
reach h b and c
& F h & F b F c
& F h & F b F c
True

324/10725
Partial result: 298/324 = 0.9197530864197531
visit | 3 ('h', 'b', 'd')
reach h b and d
& F h & F b F d
& F h & F b F d
True

325/10725
Partial result: 299/325 = 0.92
visit | 3 ('h', 'c', 'a')
reach h c and a
& F h & F c F a
& F h & F c F a
True

326/10725
Partial result: 300/326 = 0.9202453987730062
visit | 3 ('h', 'c', 'b')
reach h c and b
& F h & F c F b
& F h & F c F b
True

327/10725
Partial result: 301/327 = 0.9204892966360856
visit | 3 ('h', 'c', 'd')
reach h c and d
& F h & F c F d
& F h & F c F d
True

328/10725
Partial result: 302/328 = 0.9207317073170732
visit | 3 ('h', 'd', 'a')
reach h d and a
& F h & F d F a
& F h & F d F a
True

329/10725
Partial result: 303/329 = 0.9209726443768997
visit | 3 ('h', 'd', 'b')
reach h d and b
& F h & F d F b
& F h & F d F b
True

330/10725
Partial result: 304/330 = 0.9212121212121213
visit | 3 ('h', 'd', 'c')
reach h d and c
& F h & F d F c
& F h & F d F c
True

331/10725
Partial result: 305/331 = 0.9214501510574018
visit | 3 ('a', 'b', 'c')
visit all three locations a b and c
& F a & F b F c
& F a & F b F c
True

332/10725
Partial result: 306/332 = 0.9216867469879518
visit | 3 ('a', 'b', 'd')
visit all three locations a b and d
& F a & F b F d
& F a & F b F d
True

333/10725
Partial result: 307/333 = 0.9219219219219219
visit | 3 ('a', 'b', 'h')
visit all three locations a b and h
& F a & F b F h
& F a & F b F h
True

334/10725
Partial result: 308/334 = 0.9221556886227545
visit | 3 ('a', 'c', 'b')
visit all three locations a c and b
& F a & F c F b
& F a & F c F b
True

335/10725
Partial result: 309/335 = 0.9223880597014925
visit | 3 ('a', 'c', 'd')
visit all three locations a c and d
& F a & F c F d
& F a & F c F d
True

336/10725
Partial result: 310/336 = 0.9226190476190477
visit | 3 ('a', 'c', 'h')
visit all three locations a c and h
& F a & F c F h
& F a & F c F h
True

337/10725
Partial result: 311/337 = 0.9228486646884273
visit | 3 ('a', 'd', 'b')
visit all three locations a d and b
& F a & F d F b
& F a & F d F b
True

338/10725
Partial result: 312/338 = 0.9230769230769231
visit | 3 ('a', 'd', 'c')
visit all three locations a d and c
& F a & F d F c
& F a & F d F c
True

339/10725
Partial result: 313/339 = 0.9233038348082596
visit | 3 ('a', 'd', 'h')
visit all three locations a d and h
& F a & F d F h
& F a & F d F h
True

340/10725
Partial result: 314/340 = 0.9235294117647059
visit | 3 ('a', 'h', 'b')
visit all three locations a h and b
& F a & F h F b
& F a & F h F b
True

341/10725
Partial result: 315/341 = 0.9237536656891495
visit | 3 ('a', 'h', 'c')
visit all three locations a h and c
& F a & F h F c
& F a & F h F c
True

342/10725
Partial result: 316/342 = 0.9239766081871345
visit | 3 ('a', 'h', 'd')
visit all three locations a h and d
& F a & F h F d
& F a & F h F d
True

343/10725
Partial result: 317/343 = 0.924198250728863
visit | 3 ('b', 'a', 'c')
visit all three locations b a and c
& F b & F a F c
& F b & F a F c
True

344/10725
Partial result: 318/344 = 0.9244186046511628
visit | 3 ('b', 'a', 'd')
visit all three locations b a and d
& F b & F a F d
& F b & F a F d
True

345/10725
Partial result: 319/345 = 0.9246376811594202
visit | 3 ('b', 'a', 'h')
visit all three locations b a and h
& F b & F a F h
& F b & F a F h
True

346/10725
Partial result: 320/346 = 0.9248554913294798
visit | 3 ('b', 'c', 'a')
visit all three locations b c and a
& F b & F c F a
& F b & F c F a
True

347/10725
Partial result: 321/347 = 0.9250720461095101
visit | 3 ('b', 'c', 'd')
visit all three locations b c and d
& F b & F c F d
& F b & F c F d
True

348/10725
Partial result: 322/348 = 0.9252873563218391
visit | 3 ('b', 'c', 'h')
visit all three locations b c and h
& F b & F c F h
& F b & F c F h
True

349/10725
Partial result: 323/349 = 0.9255014326647565
visit | 3 ('b', 'd', 'a')
visit all three locations b d and a
& F b & F d F a
& F b & F d F a
True

350/10725
Partial result: 324/350 = 0.9257142857142857
visit | 3 ('b', 'd', 'c')
visit all three locations b d and c
& F b & F d F c
& F b & F d F c
True

351/10725
Partial result: 325/351 = 0.9259259259259259
visit | 3 ('b', 'd', 'h')
visit all three locations b d and h
& F b & F d F h
& F b & F d F h
True

352/10725
Partial result: 326/352 = 0.9261363636363636
visit | 3 ('b', 'h', 'a')
visit all three locations b h and a
& F b & F h F a
& F b & F h F a
True

353/10725
Partial result: 327/353 = 0.9263456090651558
visit | 3 ('b', 'h', 'c')
visit all three locations b h and c
& F b & F h F c
& F b & F h F c
True

354/10725
Partial result: 328/354 = 0.9265536723163842
visit | 3 ('b', 'h', 'd')
visit all three locations b h and d
& F b & F h F d
& F b & F h F d
True

355/10725
Partial result: 329/355 = 0.9267605633802817
visit | 3 ('c', 'a', 'b')
visit all three locations c a and b
& F c & F a F b
& F c & F a F b
True

356/10725
Partial result: 330/356 = 0.9269662921348315
visit | 3 ('c', 'a', 'd')
visit all three locations c a and d
& F c & F a F d
& F c & F a F d
True

357/10725
Partial result: 331/357 = 0.927170868347339
visit | 3 ('c', 'a', 'h')
visit all three locations c a and h
& F c & F a F h
& F c & F a F h
True

358/10725
Partial result: 332/358 = 0.9273743016759777
visit | 3 ('c', 'b', 'a')
visit all three locations c b and a
& F c & F b F a
& F c & F b F a
True

359/10725
Partial result: 333/359 = 0.9275766016713092
visit | 3 ('c', 'b', 'd')
visit all three locations c b and d
& F c & F b F d
& F c & F b F d
True

360/10725
Partial result: 334/360 = 0.9277777777777778
visit | 3 ('c', 'b', 'h')
visit all three locations c b and h
& F c & F b F h
& F c & F b F h
True

361/10725
Partial result: 335/361 = 0.9279778393351801
visit | 3 ('c', 'd', 'a')
visit all three locations c d and a
& F c & F d F a
& F c & F d F a
True

362/10725
Partial result: 336/362 = 0.9281767955801105
visit | 3 ('c', 'd', 'b')
visit all three locations c d and b
& F c & F d F b
& F c & F d F b
True

363/10725
Partial result: 337/363 = 0.928374655647383
visit | 3 ('c', 'd', 'h')
visit all three locations c d and h
& F c & F d F h
& F c & F d F h
True

364/10725
Partial result: 338/364 = 0.9285714285714286
visit | 3 ('c', 'h', 'a')
visit all three locations c h and a
& F c & F h F a
& F c & F h F a
True

365/10725
Partial result: 339/365 = 0.9287671232876712
visit | 3 ('c', 'h', 'b')
visit all three locations c h and b
& F c & F h F b
& F c & F h F b
True

366/10725
Partial result: 340/366 = 0.9289617486338798
visit | 3 ('c', 'h', 'd')
visit all three locations c h and d
& F c & F h F d
& F c & F h F d
True

367/10725
Partial result: 341/367 = 0.9291553133514986
visit | 3 ('d', 'a', 'b')
visit all three locations d a and b
& F d & F a F b
& F d & F a F b
True

368/10725
Partial result: 342/368 = 0.9293478260869565
visit | 3 ('d', 'a', 'c')
visit all three locations d a and c
& F d & F a F c
& F d & F a F c
True

369/10725
Partial result: 343/369 = 0.9295392953929539
visit | 3 ('d', 'a', 'h')
visit all three locations d a and h
& F d & F a F h
& F d & F a F h
True

370/10725
Partial result: 344/370 = 0.9297297297297298
visit | 3 ('d', 'b', 'a')
visit all three locations d b and a
& F d & F b F a
& F d & F b F a
True

371/10725
Partial result: 345/371 = 0.9299191374663073
visit | 3 ('d', 'b', 'c')
visit all three locations d b and c
& F d & F b F c
& F d & F b F c
True

372/10725
Partial result: 346/372 = 0.9301075268817204
visit | 3 ('d', 'b', 'h')
visit all three locations d b and h
& F d & F b F h
& F d & F b F h
True

373/10725
Partial result: 347/373 = 0.9302949061662198
visit | 3 ('d', 'c', 'a')
visit all three locations d c and a
& F d & F c F a
& F d & F c F a
True

374/10725
Partial result: 348/374 = 0.93048128342246
visit | 3 ('d', 'c', 'b')
visit all three locations d c and b
& F d & F c F b
& F d & F c F b
True

375/10725
Partial result: 349/375 = 0.9306666666666666
visit | 3 ('d', 'c', 'h')
visit all three locations d c and h
& F d & F c F h
& F d & F c F h
True

376/10725
Partial result: 350/376 = 0.9308510638297872
visit | 3 ('d', 'h', 'a')
visit all three locations d h and a
& F d & F h F a
& F d & F h F a
True

377/10725
Partial result: 351/377 = 0.9310344827586207
visit | 3 ('d', 'h', 'b')
visit all three locations d h and b
& F d & F h F b
& F d & F h F b
True

378/10725
Partial result: 352/378 = 0.9312169312169312
visit | 3 ('d', 'h', 'c')
visit all three locations d h and c
& F d & F h F c
& F d & F h F c
True

379/10725
Partial result: 353/379 = 0.9313984168865436
visit | 3 ('h', 'a', 'b')
visit all three locations h a and b
& F h & F a F b
& F h & F a F b
True

380/10725
Partial result: 354/380 = 0.9315789473684211
visit | 3 ('h', 'a', 'c')
visit all three locations h a and c
& F h & F a F c
& F h & F a F c
True

381/10725
Partial result: 355/381 = 0.931758530183727
visit | 3 ('h', 'a', 'd')
visit all three locations h a and d
& F h & F a F d
& F h & F a F d
True

382/10725
Partial result: 356/382 = 0.9319371727748691
visit | 3 ('h', 'b', 'a')
visit all three locations h b and a
& F h & F b F a
& F h & F b F a
True

383/10725
Partial result: 357/383 = 0.9321148825065274
visit | 3 ('h', 'b', 'c')
visit all three locations h b and c
& F h & F b F c
& F h & F b F c
True

384/10725
Partial result: 358/384 = 0.9322916666666666
visit | 3 ('h', 'b', 'd')
visit all three locations h b and d
& F h & F b F d
& F h & F b F d
True

385/10725
Partial result: 359/385 = 0.9324675324675324
visit | 3 ('h', 'c', 'a')
visit all three locations h c and a
& F h & F c F a
& F h & F c F a
True

386/10725
Partial result: 360/386 = 0.9326424870466321
visit | 3 ('h', 'c', 'b')
visit all three locations h c and b
& F h & F c F b
& F h & F c F b
True

387/10725
Partial result: 361/387 = 0.9328165374677002
visit | 3 ('h', 'c', 'd')
visit all three locations h c and d
& F h & F c F d
& F h & F c F d
True

388/10725
Partial result: 362/388 = 0.9329896907216495
visit | 3 ('h', 'd', 'a')
visit all three locations h d and a
& F h & F d F a
& F h & F d F a
True

389/10725
Partial result: 363/389 = 0.9331619537275064
visit | 3 ('h', 'd', 'b')
visit all three locations h d and b
& F h & F d F b
& F h & F d F b
True

390/10725
Partial result: 364/390 = 0.9333333333333333
visit | 3 ('h', 'd', 'c')
visit all three locations h d and c
& F h & F d F c
& F h & F d F c
True

391/10725
Partial result: 365/391 = 0.9335038363171355
visit | 3 ('a', 'b', 'c')
visit a b and c in any order
& F a & F b F c
& F a & F b F c
True

392/10725
Partial result: 366/392 = 0.9336734693877551
visit | 3 ('a', 'b', 'd')
visit a b and d in any order
& F a & F b F d
& F a & F b F d
True

393/10725
Partial result: 367/393 = 0.9338422391857506
visit | 3 ('a', 'b', 'h')
visit a b and h in any order
& F a & F b F h
& F a & F b F h
True

394/10725
Partial result: 368/394 = 0.934010152284264
visit | 3 ('a', 'c', 'b')
visit a c and b in any order
& F a & F c F b
& F a & F c F b
True

395/10725
Partial result: 369/395 = 0.9341772151898734
visit | 3 ('a', 'c', 'd')
visit a c and d in any order
& F a & F c F d
& F a & F c F d
True

396/10725
Partial result: 370/396 = 0.9343434343434344
visit | 3 ('a', 'c', 'h')
visit a c and h in any order
& F a & F c F h
& F a & F c F h
True

397/10725
Partial result: 371/397 = 0.9345088161209067
visit | 3 ('a', 'd', 'b')
visit a d and b in any order
& F a & F d F b
& F a & F d F b
True

398/10725
Partial result: 372/398 = 0.9346733668341709
visit | 3 ('a', 'd', 'c')
visit a d and c in any order
& F a & F d F c
& F a & F d F c
True

399/10725
Partial result: 373/399 = 0.9348370927318296
visit | 3 ('a', 'd', 'h')
visit a d and h in any order
& F a & F d F h
& F a & F d F h
True

400/10725
Partial result: 374/400 = 0.935
visit | 3 ('a', 'h', 'b')
visit a h and b in any order
& F a & F h F b
& F a & F h F b
True

401/10725
Partial result: 375/401 = 0.9351620947630923
visit | 3 ('a', 'h', 'c')
visit a h and c in any order
& F a & F h F c
& F a & F h F c
True

402/10725
Partial result: 376/402 = 0.9353233830845771
visit | 3 ('a', 'h', 'd')
visit a h and d in any order
& F a & F h F d
& F a & F h F d
True

403/10725
Partial result: 377/403 = 0.9354838709677419
visit | 3 ('b', 'a', 'c')
visit b a and c in any order
& F b & F a F c
& F b & F a F c
True

404/10725
Partial result: 378/404 = 0.9356435643564357
visit | 3 ('b', 'a', 'd')
visit b a and d in any order
& F b & F a F d
& F b & F a F d
True

405/10725
Partial result: 379/405 = 0.9358024691358025
visit | 3 ('b', 'a', 'h')
visit b a and h in any order
& F b & F a F h
& F b & F a F h
True

406/10725
Partial result: 380/406 = 0.9359605911330049
visit | 3 ('b', 'c', 'a')
visit b c and a in any order
& F b & F c F a
& F b & F c F a
True

407/10725
Partial result: 381/407 = 0.9361179361179361
visit | 3 ('b', 'c', 'd')
visit b c and d in any order
& F b & F c F d
& F b & F c F d
True

408/10725
Partial result: 382/408 = 0.9362745098039216
visit | 3 ('b', 'c', 'h')
visit b c and h in any order
& F b & F c F h
& F b & F c F h
True

409/10725
Partial result: 383/409 = 0.9364303178484108
visit | 3 ('b', 'd', 'a')
visit b d and a in any order
& F b & F d F a
& F b & F d F a
True

410/10725
Partial result: 384/410 = 0.9365853658536586
visit | 3 ('b', 'd', 'c')
visit b d and c in any order
& F b & F d F c
& F b & F d F c
True

411/10725
Partial result: 385/411 = 0.9367396593673966
visit | 3 ('b', 'd', 'h')
visit b d and h in any order
& F b & F d F h
& F b & F d F h
True

412/10725
Partial result: 386/412 = 0.9368932038834952
visit | 3 ('b', 'h', 'a')
visit b h and a in any order
& F b & F h F a
& F b & F h F a
True

413/10725
Partial result: 387/413 = 0.937046004842615
visit | 3 ('b', 'h', 'c')
visit b h and c in any order
& F b & F h F c
& F b & F h F c
True

414/10725
Partial result: 388/414 = 0.9371980676328503
visit | 3 ('b', 'h', 'd')
visit b h and d in any order
& F b & F h F d
& F b & F h F d
True

415/10725
Partial result: 389/415 = 0.9373493975903614
visit | 3 ('c', 'a', 'b')
visit c a and b in any order
& F c & F a F b
& F c & F a F b
True

416/10725
Partial result: 390/416 = 0.9375
visit | 3 ('c', 'a', 'd')
visit c a and d in any order
& F c & F a F d
& F c & F a F d
True

417/10725
Partial result: 391/417 = 0.9376498800959233
visit | 3 ('c', 'a', 'h')
visit c a and h in any order
& F c & F a F h
& F c & F a F h
True

418/10725
Partial result: 392/418 = 0.937799043062201
visit | 3 ('c', 'b', 'a')
visit c b and a in any order
& F c & F b F a
& F c & F b F a
True

419/10725
Partial result: 393/419 = 0.9379474940334129
visit | 3 ('c', 'b', 'd')
visit c b and d in any order
& F c & F b F d
& F c & F b F d
True

420/10725
Partial result: 394/420 = 0.9380952380952381
visit | 3 ('c', 'b', 'h')
visit c b and h in any order
& F c & F b F h
& F c & F b F h
True

421/10725
Partial result: 395/421 = 0.9382422802850356
visit | 3 ('c', 'd', 'a')
visit c d and a in any order
& F c & F d F a
& F c & F d F a
True

422/10725
Partial result: 396/422 = 0.9383886255924171
visit | 3 ('c', 'd', 'b')
visit c d and b in any order
& F c & F d F b
& F c & F d F b
True

423/10725
Partial result: 397/423 = 0.9385342789598109
visit | 3 ('c', 'd', 'h')
visit c d and h in any order
& F c & F d F h
& F c & F d F h
True

424/10725
Partial result: 398/424 = 0.9386792452830188
visit | 3 ('c', 'h', 'a')
visit c h and a in any order
& F c & F h F a
& F c & F h F a
True

425/10725
Partial result: 399/425 = 0.9388235294117647
visit | 3 ('c', 'h', 'b')
visit c h and b in any order
& F c & F h F b
& F c & F h F b
True

426/10725
Partial result: 400/426 = 0.9389671361502347
visit | 3 ('c', 'h', 'd')
visit c h and d in any order
& F c & F h F d
& F c & F h F d
True

427/10725
Partial result: 401/427 = 0.9391100702576113
visit | 3 ('d', 'a', 'b')
visit d a and b in any order
& F d & F a F b
& F d & F a F b
True

428/10725
Partial result: 402/428 = 0.9392523364485982
visit | 3 ('d', 'a', 'c')
visit d a and c in any order
& F d & F a F c
& F d & F a F c
True

429/10725
Partial result: 403/429 = 0.9393939393939394
visit | 3 ('d', 'a', 'h')
visit d a and h in any order
& F d & F a F h
& F d & F a F h
True

430/10725
Partial result: 404/430 = 0.9395348837209302
visit | 3 ('d', 'b', 'a')
visit d b and a in any order
& F d & F b F a
& F d & F b F a
True

431/10725
Partial result: 405/431 = 0.9396751740139211
visit | 3 ('d', 'b', 'c')
visit d b and c in any order
& F d & F b F c
& F d & F b F c
True

432/10725
Partial result: 406/432 = 0.9398148148148148
visit | 3 ('d', 'b', 'h')
visit d b and h in any order
& F d & F b F h
& F d & F b F h
True

433/10725
Partial result: 407/433 = 0.9399538106235565
visit | 3 ('d', 'c', 'a')
visit d c and a in any order
& F d & F c F a
& F d & F c F a
True

434/10725
Partial result: 408/434 = 0.9400921658986175
visit | 3 ('d', 'c', 'b')
visit d c and b in any order
& F d & F c F b
& F d & F c F b
True

435/10725
Partial result: 409/435 = 0.9402298850574713
visit | 3 ('d', 'c', 'h')
visit d c and h in any order
& F d & F c F h
& F d & F c F h
True

436/10725
Partial result: 410/436 = 0.9403669724770642
visit | 3 ('d', 'h', 'a')
visit d h and a in any order
& F d & F h F a
& F d & F h F a
True

437/10725
Partial result: 411/437 = 0.9405034324942791
visit | 3 ('d', 'h', 'b')
visit d h and b in any order
& F d & F h F b
& F d & F h F b
True

438/10725
Partial result: 412/438 = 0.9406392694063926
visit | 3 ('d', 'h', 'c')
visit d h and c in any order
& F d & F h F c
& F d & F h F c
True

439/10725
Partial result: 413/439 = 0.9407744874715261
visit | 3 ('h', 'a', 'b')
visit h a and b in any order
& F h & F a F b
& F h & F a F b
True

440/10725
Partial result: 414/440 = 0.9409090909090909
visit | 3 ('h', 'a', 'c')
visit h a and c in any order
& F h & F a F c
& F h & F a F c
True

441/10725
Partial result: 415/441 = 0.9410430839002267
visit | 3 ('h', 'a', 'd')
visit h a and d in any order
& F h & F a F d
& F h & F a F d
True

442/10725
Partial result: 416/442 = 0.9411764705882353
visit | 3 ('h', 'b', 'a')
visit h b and a in any order
& F h & F b F a
& F h & F b F a
True

443/10725
Partial result: 417/443 = 0.9413092550790068
visit | 3 ('h', 'b', 'c')
visit h b and c in any order
& F h & F b F c
& F h & F b F c
True

444/10725
Partial result: 418/444 = 0.9414414414414415
visit | 3 ('h', 'b', 'd')
visit h b and d in any order
& F h & F b F d
& F h & F b F d
True

445/10725
Partial result: 419/445 = 0.9415730337078652
visit | 3 ('h', 'c', 'a')
visit h c and a in any order
& F h & F c F a
& F h & F c F a
True

446/10725
Partial result: 420/446 = 0.9417040358744395
visit | 3 ('h', 'c', 'b')
visit h c and b in any order
& F h & F c F b
& F h & F c F b
True

447/10725
Partial result: 421/447 = 0.941834451901566
visit | 3 ('h', 'c', 'd')
visit h c and d in any order
& F h & F c F d
& F h & F c F d
True

448/10725
Partial result: 422/448 = 0.9419642857142857
visit | 3 ('h', 'd', 'a')
visit h d and a in any order
& F h & F d F a
& F h & F d F a
True

449/10725
Partial result: 423/449 = 0.9420935412026726
visit | 3 ('h', 'd', 'b')
visit h d and b in any order
& F h & F d F b
& F h & F d F b
True

450/10725
Partial result: 424/450 = 0.9422222222222222
visit | 3 ('h', 'd', 'c')
visit h d and c in any order
& F h & F d F c
& F h & F d F c
True

451/10725
Partial result: 425/451 = 0.9423503325942351
visit | 3 ('a', 'b', 'c')
a b and c must be visited
& F a & F b F c
& F a & F b F c
True

452/10725
Partial result: 426/452 = 0.9424778761061947
visit | 3 ('a', 'b', 'd')
a b and d must be visited
& F a & F b F d
& F a & F b F d
True

453/10725
Partial result: 427/453 = 0.9426048565121413
visit | 3 ('a', 'b', 'h')
a b and h must be visited
& F a & F b F h
& F a & F b F h
True

454/10725
Partial result: 428/454 = 0.9427312775330396
visit | 3 ('a', 'c', 'b')
a c and b must be visited
& F a & F c F b
& F a & F c F b
True

455/10725
Partial result: 429/455 = 0.9428571428571428
visit | 3 ('a', 'c', 'd')
a c and d must be visited
& F a & F c F d
& F a & F c F d
True

456/10725
Partial result: 430/456 = 0.9429824561403509
visit | 3 ('a', 'c', 'h')
a c and h must be visited
& F a & F c F h
& F a & F c F h
True

457/10725
Partial result: 431/457 = 0.9431072210065645
visit | 3 ('a', 'd', 'b')
a d and b must be visited
& F a & F d F b
& F a & F d F b
True

458/10725
Partial result: 432/458 = 0.9432314410480349
visit | 3 ('a', 'd', 'c')
a d and c must be visited
& F a & F d F c
& F a & F d F c
True

459/10725
Partial result: 433/459 = 0.9433551198257081
visit | 3 ('a', 'd', 'h')
a d and h must be visited
& F a & F d F h
& F a & F d F h
True

460/10725
Partial result: 434/460 = 0.9434782608695652
visit | 3 ('a', 'h', 'b')
a h and b must be visited
& F a & F h F b
& F a & F h F b
True

461/10725
Partial result: 435/461 = 0.9436008676789588
visit | 3 ('a', 'h', 'c')
a h and c must be visited
& F a & F h F c
& F a & F h F c
True

462/10725
Partial result: 436/462 = 0.9437229437229437
visit | 3 ('a', 'h', 'd')
a h and d must be visited
& F a & F h F d
& F a & F h F d
True

463/10725
Partial result: 437/463 = 0.9438444924406048
visit | 3 ('b', 'a', 'c')
b a and c must be visited
& F b & F a F c
& F b & F a F c
True

464/10725
Partial result: 438/464 = 0.9439655172413793
visit | 3 ('b', 'a', 'd')
b a and d must be visited
& F b & F a F d
& F b & F a F d
True

465/10725
Partial result: 439/465 = 0.9440860215053763
visit | 3 ('b', 'a', 'h')
b a and h must be visited
& F b & F a F h
& F b & F a F h
True

466/10725
Partial result: 440/466 = 0.944206008583691
visit | 3 ('b', 'c', 'a')
b c and a must be visited
& F b & F c F a
& F b & F c F a
True

467/10725
Partial result: 441/467 = 0.9443254817987152
visit | 3 ('b', 'c', 'd')
b c and d must be visited
& F b & F c F d
& F b & F c F d
True

468/10725
Partial result: 442/468 = 0.9444444444444444
visit | 3 ('b', 'c', 'h')
b c and h must be visited
& F b & F c F h
& F b & F c F h
True

469/10725
Partial result: 443/469 = 0.9445628997867804
visit | 3 ('b', 'd', 'a')
b d and a must be visited
& F b & F d F a
& F b & F d F a
True

470/10725
Partial result: 444/470 = 0.9446808510638298
visit | 3 ('b', 'd', 'c')
b d and c must be visited
& F b & F d F c
& F b & F d F c
True

471/10725
Partial result: 445/471 = 0.9447983014861996
visit | 3 ('b', 'd', 'h')
b d and h must be visited
& F b & F d F h
& F b & F d F h
True

472/10725
Partial result: 446/472 = 0.9449152542372882
visit | 3 ('b', 'h', 'a')
b h and a must be visited
& F b & F h F a
& F b & F h F a
True

473/10725
Partial result: 447/473 = 0.945031712473573
visit | 3 ('b', 'h', 'c')
b h and c must be visited
& F b & F h F c
& F b & F h F c
True

474/10725
Partial result: 448/474 = 0.9451476793248945
visit | 3 ('b', 'h', 'd')
b h and d must be visited
& F b & F h F d
& F b & F h F d
True

475/10725
Partial result: 449/475 = 0.9452631578947368
visit | 3 ('c', 'a', 'b')
c a and b must be visited
& F c & F a F b
& F c & F a F b
True

476/10725
Partial result: 450/476 = 0.9453781512605042
visit | 3 ('c', 'a', 'd')
c a and d must be visited
& F c & F a F d
& F c & F a F d
True

477/10725
Partial result: 451/477 = 0.9454926624737946
visit | 3 ('c', 'a', 'h')
c a and h must be visited
& F c & F a F h
& F c & F a F h
True

478/10725
Partial result: 452/478 = 0.9456066945606695
visit | 3 ('c', 'b', 'a')
c b and a must be visited
& F c & F b F a
& F c & F b F a
True

479/10725
Partial result: 453/479 = 0.9457202505219207
visit | 3 ('c', 'b', 'd')
c b and d must be visited
& F c & F b F d
& F c & F b F d
True

480/10725
Partial result: 454/480 = 0.9458333333333333
visit | 3 ('c', 'b', 'h')
c b and h must be visited
& F c & F b F h
& F c & F b F h
True

481/10725
Partial result: 455/481 = 0.9459459459459459
visit | 3 ('c', 'd', 'a')
c d and a must be visited
& F c & F d F a
& F c & F d F a
True

482/10725
Partial result: 456/482 = 0.946058091286307
visit | 3 ('c', 'd', 'b')
c d and b must be visited
& F c & F d F b
& F c & F d F b
True

483/10725
Partial result: 457/483 = 0.9461697722567288
visit | 3 ('c', 'd', 'h')
c d and h must be visited
& F c & F d F h
& F c & F d F h
True

484/10725
Partial result: 458/484 = 0.9462809917355371
visit | 3 ('c', 'h', 'a')
c h and a must be visited
& F c & F h F a
& F c & F h F a
True

485/10725
Partial result: 459/485 = 0.9463917525773196
visit | 3 ('c', 'h', 'b')
c h and b must be visited
& F c & F h F b
& F c & F h F b
True

486/10725
Partial result: 460/486 = 0.9465020576131687
visit | 3 ('c', 'h', 'd')
c h and d must be visited
& F c & F h F d
& F c & F h F d
True

487/10725
Partial result: 461/487 = 0.946611909650924
visit | 3 ('d', 'a', 'b')
d a and b must be visited
& F d & F a F b
& F d & F a F b
True

488/10725
Partial result: 462/488 = 0.9467213114754098
visit | 3 ('d', 'a', 'c')
d a and c must be visited
& F d & F a F c
& F d & F a F c
True

489/10725
Partial result: 463/489 = 0.9468302658486708
visit | 3 ('d', 'a', 'h')
d a and h must be visited
& F d & F a F h
& F d & F a F h
True

490/10725
Partial result: 464/490 = 0.9469387755102041
visit | 3 ('d', 'b', 'a')
d b and a must be visited
& F d & F b F a
& F d & F b F a
True

491/10725
Partial result: 465/491 = 0.9470468431771895
visit | 3 ('d', 'b', 'c')
d b and c must be visited
& F d & F b F c
& F d & F b F c
True

492/10725
Partial result: 466/492 = 0.9471544715447154
visit | 3 ('d', 'b', 'h')
d b and h must be visited
& F d & F b F h
& F d & F b F h
True

493/10725
Partial result: 467/493 = 0.947261663286004
visit | 3 ('d', 'c', 'a')
d c and a must be visited
& F d & F c F a
& F d & F c F a
True

494/10725
Partial result: 468/494 = 0.9473684210526315
visit | 3 ('d', 'c', 'b')
d c and b must be visited
& F d & F c F b
& F d & F c F b
True

495/10725
Partial result: 469/495 = 0.9474747474747475
visit | 3 ('d', 'c', 'h')
d c and h must be visited
& F d & F c F h
& F d & F c F h
True

496/10725
Partial result: 470/496 = 0.9475806451612904
visit | 3 ('d', 'h', 'a')
d h and a must be visited
& F d & F h F a
& F d & F h F a
True

497/10725
Partial result: 471/497 = 0.9476861167002012
visit | 3 ('d', 'h', 'b')
d h and b must be visited
& F d & F h F b
& F d & F h F b
True

498/10725
Partial result: 472/498 = 0.9477911646586346
visit | 3 ('d', 'h', 'c')
d h and c must be visited
& F d & F h F c
& F d & F h F c
True

499/10725
Partial result: 473/499 = 0.9478957915831663
visit | 3 ('h', 'a', 'b')
h a and b must be visited
& F h & F a F b
& F h & F a F b
True

500/10725
Partial result: 474/500 = 0.948
visit | 3 ('h', 'a', 'c')
h a and c must be visited
& F h & F a F c
& F h & F a F c
True

501/10725
Partial result: 475/501 = 0.9481037924151696
visit | 3 ('h', 'a', 'd')
h a and d must be visited
& F h & F a F d
& F h & F a F d
True

502/10725
Partial result: 476/502 = 0.9482071713147411
visit | 3 ('h', 'b', 'a')
h b and a must be visited
& F h & F b F a
& F h & F b F a
True

503/10725
Partial result: 477/503 = 0.94831013916501
visit | 3 ('h', 'b', 'c')
h b and c must be visited
& F h & F b F c
& F h & F b F c
True

504/10725
Partial result: 478/504 = 0.9484126984126984
visit | 3 ('h', 'b', 'd')
h b and d must be visited
& F h & F b F d
& F h & F b F d
True

505/10725
Partial result: 479/505 = 0.9485148514851485
visit | 3 ('h', 'c', 'a')
h c and a must be visited
& F h & F c F a
& F h & F c F a
True

506/10725
Partial result: 480/506 = 0.9486166007905138
visit | 3 ('h', 'c', 'b')
h c and b must be visited
& F h & F c F b
& F h & F c F b
True

507/10725
Partial result: 481/507 = 0.9487179487179487
visit | 3 ('h', 'c', 'd')
h c and d must be visited
& F h & F c F d
& F h & F c F d
True

508/10725
Partial result: 482/508 = 0.9488188976377953
visit | 3 ('h', 'd', 'a')
h d and a must be visited
& F h & F d F a
& F h & F d F a
True

509/10725
Partial result: 483/509 = 0.9489194499017681
visit | 3 ('h', 'd', 'b')
h d and b must be visited
& F h & F d F b
& F h & F d F b
True

510/10725
Partial result: 484/510 = 0.9490196078431372
visit | 3 ('h', 'd', 'c')
h d and c must be visited
& F h & F d F c
& F h & F d F c
True

511/10725
Partial result: 485/511 = 0.949119373776908
visit | 4 ('a', 'b', 'c', 'd')
move to a b c and d in any order
& F a & F b & F c F d
& F a & F b & F c F d
True

512/10725
Partial result: 486/512 = 0.94921875
visit | 4 ('a', 'b', 'c', 'h')
move to a b c and h in any order
& F a & F b & F c F h
& F a & F b & F c F h
True

513/10725
Partial result: 487/513 = 0.949317738791423
visit | 4 ('a', 'b', 'd', 'c')
move to a b d and c in any order
& F a & F b & F d F c
& F a & F b & F d F c
True

514/10725
Partial result: 488/514 = 0.9494163424124513
visit | 4 ('a', 'b', 'd', 'h')
move to a b d and h in any order
& F a & F b & F d F h
& F a & F b & F d F h
True

515/10725
Partial result: 489/515 = 0.9495145631067962
visit | 4 ('a', 'b', 'h', 'c')
move to a b h and c in any order
& F a & F b & F h F c
& F a & F b & F h F c
True

516/10725
Partial result: 490/516 = 0.9496124031007752
visit | 4 ('a', 'b', 'h', 'd')
move to a b h and d in any order
& F a & F b & F h F d
& F a & F b & F h F d
True

517/10725
Partial result: 491/517 = 0.9497098646034816
visit | 4 ('a', 'c', 'b', 'd')
move to a c b and d in any order
& F a & F c & F b F d
& F a & F c & F b F d
True

518/10725
Partial result: 492/518 = 0.9498069498069498
visit | 4 ('a', 'c', 'b', 'h')
move to a c b and h in any order
& F a & F c & F b F h
& F a & F c & F b F h
True

519/10725
Partial result: 493/519 = 0.9499036608863198
visit | 4 ('a', 'c', 'd', 'b')
move to a c d and b in any order
& F a & F c & F d F b
& F a & F c & F d F b
True

520/10725
Partial result: 494/520 = 0.95
visit | 4 ('a', 'c', 'd', 'h')
move to a c d and h in any order
& F a & F c & F d F h
& F a & F c & F d F h
True

521/10725
Partial result: 495/521 = 0.9500959692898272
visit | 4 ('a', 'c', 'h', 'b')
move to a c h and b in any order
& F a & F c & F h F b
& F a & F c & F h F b
True

522/10725
Partial result: 496/522 = 0.9501915708812261
visit | 4 ('a', 'c', 'h', 'd')
move to a c h and d in any order
& F a & F c & F h F d
& F a & F c & F h F d
True

523/10725
Partial result: 497/523 = 0.9502868068833652
visit | 4 ('a', 'd', 'b', 'c')
move to a d b and c in any order
& F a & F d & F b F c
& F a & F d & F b F c
True

524/10725
Partial result: 498/524 = 0.950381679389313
visit | 4 ('a', 'd', 'b', 'h')
move to a d b and h in any order
& F a & F d & F b F h
& F a & F d & F b F h
True

525/10725
Partial result: 499/525 = 0.9504761904761905
visit | 4 ('a', 'd', 'c', 'b')
move to a d c and b in any order
& F a & F d & F c F b
& F a & F d & F c F b
True

526/10725
Partial result: 500/526 = 0.9505703422053232
visit | 4 ('a', 'd', 'c', 'h')
move to a d c and h in any order
& F a & F d & F c F h
& F a & F d & F c F h
True

527/10725
Partial result: 501/527 = 0.9506641366223909
visit | 4 ('a', 'd', 'h', 'b')
move to a d h and b in any order
& F a & F d & F h F b
& F a & F d & F h F b
True

528/10725
Partial result: 502/528 = 0.9507575757575758
visit | 4 ('a', 'd', 'h', 'c')
move to a d h and c in any order
& F a & F d & F h F c
& F a & F d & F h F c
True

529/10725
Partial result: 503/529 = 0.9508506616257089
visit | 4 ('a', 'h', 'b', 'c')
move to a h b and c in any order
& F a & F h & F b F c
& F a & F h & F b F c
True

530/10725
Partial result: 504/530 = 0.9509433962264151
visit | 4 ('a', 'h', 'b', 'd')
move to a h b and d in any order
& F a & F h & F b F d
& F a & F h & F b F d
True

531/10725
Partial result: 505/531 = 0.9510357815442562
visit | 4 ('a', 'h', 'c', 'b')
move to a h c and b in any order
& F a & F h & F c F b
& F a & F h & F c F b
True

532/10725
Partial result: 506/532 = 0.9511278195488722
visit | 4 ('a', 'h', 'c', 'd')
move to a h c and d in any order
& F a & F h & F c F d
& F a & F h & F c F d
True

533/10725
Partial result: 507/533 = 0.9512195121951219
visit | 4 ('a', 'h', 'd', 'b')
move to a h d and b in any order
& F a & F h & F d F b
& F a & F h & F d F b
True

534/10725
Partial result: 508/534 = 0.951310861423221
visit | 4 ('a', 'h', 'd', 'c')
move to a h d and c in any order
& F a & F h & F d F c
& F a & F h & F d F c
True

535/10725
Partial result: 509/535 = 0.9514018691588785
visit | 4 ('b', 'a', 'c', 'd')
move to b a c and d in any order
& F b & F a & F c F d
& F b & F a & F c F d
True

536/10725
Partial result: 510/536 = 0.9514925373134329
visit | 4 ('b', 'a', 'c', 'h')
move to b a c and h in any order
& F b & F a & F c F h
& F b & F a & F c F h
True

537/10725
Partial result: 511/537 = 0.9515828677839852
visit | 4 ('b', 'a', 'd', 'c')
move to b a d and c in any order
& F b & F a & F d F c
& F b & F a & F d F c
True

538/10725
Partial result: 512/538 = 0.9516728624535316
visit | 4 ('b', 'a', 'd', 'h')
move to b a d and h in any order
& F b & F a & F d F h
& F b & F a & F d F h
True

539/10725
Partial result: 513/539 = 0.9517625231910947
visit | 4 ('b', 'a', 'h', 'c')
move to b a h and c in any order
& F b & F a & F h F c
& F b & F a & F h F c
True

540/10725
Partial result: 514/540 = 0.9518518518518518
visit | 4 ('b', 'a', 'h', 'd')
move to b a h and d in any order
& F b & F a & F h F d
& F b & F a & F h F d
True

541/10725
Partial result: 515/541 = 0.9519408502772643
visit | 4 ('b', 'c', 'a', 'd')
move to b c a and d in any order
& F b & F c & F a F d
& F b & F c & F a F d
True

542/10725
Partial result: 516/542 = 0.9520295202952029
visit | 4 ('b', 'c', 'a', 'h')
move to b c a and h in any order
& F b & F c & F a F h
& F b & F c & F a F h
True

543/10725
Partial result: 517/543 = 0.9521178637200737
visit | 4 ('b', 'c', 'd', 'a')
move to b c d and a in any order
& F b & F c & F d F a
& F b & F c & F d F a
True

544/10725
Partial result: 518/544 = 0.9522058823529411
visit | 4 ('b', 'c', 'd', 'h')
move to b c d and h in any order
& F b & F c & F d F h
& F b & F c & F d F h
True

545/10725
Partial result: 519/545 = 0.9522935779816514
visit | 4 ('b', 'c', 'h', 'a')
move to b c h and a in any order
& F b & F c & F h F a
& F b & F c & F h F a
True

546/10725
Partial result: 520/546 = 0.9523809523809523
visit | 4 ('b', 'c', 'h', 'd')
move to b c h and d in any order
& F b & F c & F h F d
& F b & F c & F h F d
True

547/10725
Partial result: 521/547 = 0.9524680073126143
visit | 4 ('b', 'd', 'a', 'c')
move to b d a and c in any order
& F b & F d & F a F c
& F b & F d & F a F c
True

548/10725
Partial result: 522/548 = 0.9525547445255474
visit | 4 ('b', 'd', 'a', 'h')
move to b d a and h in any order
& F b & F d & F a F h
& F b & F d & F a F h
True

549/10725
Partial result: 523/549 = 0.9526411657559198
visit | 4 ('b', 'd', 'c', 'a')
move to b d c and a in any order
& F b & F d & F c F a
& F b & F d & F c F a
True

550/10725
Partial result: 524/550 = 0.9527272727272728
visit | 4 ('b', 'd', 'c', 'h')
move to b d c and h in any order
& F b & F d & F c F h
& F b & F d & F c F h
True

551/10725
Partial result: 525/551 = 0.9528130671506352
visit | 4 ('b', 'd', 'h', 'a')
move to b d h and a in any order
& F b & F d & F h F a
& F b & F d & F h F a
True

552/10725
Partial result: 526/552 = 0.9528985507246377
visit | 4 ('b', 'd', 'h', 'c')
move to b d h and c in any order
& F b & F d & F h F c
& F b & F d & F h F c
True

553/10725
Partial result: 527/553 = 0.9529837251356239
visit | 4 ('b', 'h', 'a', 'c')
move to b h a and c in any order
& F b & F h & F a F c
& F b & F h & F a F c
True

554/10725
Partial result: 528/554 = 0.9530685920577617
visit | 4 ('b', 'h', 'a', 'd')
move to b h a and d in any order
& F b & F h & F a F d
& F b & F h & F a F d
True

555/10725
Partial result: 529/555 = 0.9531531531531532
visit | 4 ('b', 'h', 'c', 'a')
move to b h c and a in any order
& F b & F h & F c F a
& F b & F h & F c F a
True

556/10725
Partial result: 530/556 = 0.9532374100719424
visit | 4 ('b', 'h', 'c', 'd')
move to b h c and d in any order
& F b & F h & F c F d
& F b & F h & F c F d
True

557/10725
Partial result: 531/557 = 0.9533213644524237
visit | 4 ('b', 'h', 'd', 'a')
move to b h d and a in any order
& F b & F h & F d F a
& F b & F h & F d F a
True

558/10725
Partial result: 532/558 = 0.953405017921147
visit | 4 ('b', 'h', 'd', 'c')
move to b h d and c in any order
& F b & F h & F d F c
& F b & F h & F d F c
True

559/10725
Partial result: 533/559 = 0.9534883720930233
visit | 4 ('c', 'a', 'b', 'd')
move to c a b and d in any order
& F c & F a & F b F d
& F c & F a & F b F d
True

560/10725
Partial result: 534/560 = 0.9535714285714286
visit | 4 ('c', 'a', 'b', 'h')
move to c a b and h in any order
& F c & F a & F b F h
& F c & F a & F b F h
True

561/10725
Partial result: 535/561 = 0.9536541889483066
visit | 4 ('c', 'a', 'd', 'b')
move to c a d and b in any order
& F c & F a & F d F b
& F c & F a & F d F b
True

562/10725
Partial result: 536/562 = 0.9537366548042705
visit | 4 ('c', 'a', 'd', 'h')
move to c a d and h in any order
& F c & F a & F d F h
& F c & F a & F d F h
True

563/10725
Partial result: 537/563 = 0.9538188277087034
visit | 4 ('c', 'a', 'h', 'b')
move to c a h and b in any order
& F c & F a & F h F b
& F c & F a & F h F b
True

564/10725
Partial result: 538/564 = 0.9539007092198581
visit | 4 ('c', 'a', 'h', 'd')
move to c a h and d in any order
& F c & F a & F h F d
& F c & F a & F h F d
True

565/10725
Partial result: 539/565 = 0.9539823008849557
visit | 4 ('c', 'b', 'a', 'd')
move to c b a and d in any order
& F c & F b & F a F d
& F c & F b & F a F d
True

566/10725
Partial result: 540/566 = 0.9540636042402827
visit | 4 ('c', 'b', 'a', 'h')
move to c b a and h in any order
& F c & F b & F a F h
& F c & F b & F a F h
True

567/10725
Partial result: 541/567 = 0.9541446208112875
visit | 4 ('c', 'b', 'd', 'a')
move to c b d and a in any order
& F c & F b & F d F a
& F c & F b & F d F a
True

568/10725
Partial result: 542/568 = 0.954225352112676
visit | 4 ('c', 'b', 'd', 'h')
move to c b d and h in any order
& F c & F b & F d F h
& F c & F b & F d F h
True

569/10725
Partial result: 543/569 = 0.9543057996485061
visit | 4 ('c', 'b', 'h', 'a')
move to c b h and a in any order
& F c & F b & F h F a
& F c & F b & F h F a
True

570/10725
Partial result: 544/570 = 0.9543859649122807
visit | 4 ('c', 'b', 'h', 'd')
move to c b h and d in any order
& F c & F b & F h F d
& F c & F b & F h F d
True

571/10725
Partial result: 545/571 = 0.9544658493870403
visit | 4 ('c', 'd', 'a', 'b')
move to c d a and b in any order
& F c & F d & F a F b
& F c & F d & F a F b
True

572/10725
Partial result: 546/572 = 0.9545454545454546
visit | 4 ('c', 'd', 'a', 'h')
move to c d a and h in any order
& F c & F d & F a F h
& F c & F d & F a F h
True

573/10725
Partial result: 547/573 = 0.9546247818499127
visit | 4 ('c', 'd', 'b', 'a')
move to c d b and a in any order
& F c & F d & F b F a
& F c & F d & F b F a
True

574/10725
Partial result: 548/574 = 0.9547038327526133
visit | 4 ('c', 'd', 'b', 'h')
move to c d b and h in any order
& F c & F d & F b F h
& F c & F d & F b F h
True

575/10725
Partial result: 549/575 = 0.9547826086956521
visit | 4 ('c', 'd', 'h', 'a')
move to c d h and a in any order
& F c & F d & F h F a
& F c & F d & F h F a
True

576/10725
Partial result: 550/576 = 0.9548611111111112
visit | 4 ('c', 'd', 'h', 'b')
move to c d h and b in any order
& F c & F d & F h F b
& F c & F d & F h F b
True

577/10725
Partial result: 551/577 = 0.9549393414211439
visit | 4 ('c', 'h', 'a', 'b')
move to c h a and b in any order
& F c & F h & F a F b
& F c & F h & F a F b
True

578/10725
Partial result: 552/578 = 0.9550173010380623
visit | 4 ('c', 'h', 'a', 'd')
move to c h a and d in any order
& F c & F h & F a F d
& F c & F h & F a F d
True

579/10725
Partial result: 553/579 = 0.9550949913644214
visit | 4 ('c', 'h', 'b', 'a')
move to c h b and a in any order
& F c & F h & F b F a
& F c & F h & F b F a
True

580/10725
Partial result: 554/580 = 0.9551724137931035
visit | 4 ('c', 'h', 'b', 'd')
move to c h b and d in any order
& F c & F h & F b F d
& F c & F h & F b F d
True

581/10725
Partial result: 555/581 = 0.955249569707401
visit | 4 ('c', 'h', 'd', 'a')
move to c h d and a in any order
& F c & F h & F d F a
& F c & F h & F d F a
True

582/10725
Partial result: 556/582 = 0.9553264604810997
visit | 4 ('c', 'h', 'd', 'b')
move to c h d and b in any order
& F c & F h & F d F b
& F c & F h & F d F b
True

583/10725
Partial result: 557/583 = 0.9554030874785592
visit | 4 ('d', 'a', 'b', 'c')
move to d a b and c in any order
& F d & F a & F b F c
& F d & F a & F b F c
True

584/10725
Partial result: 558/584 = 0.9554794520547946
visit | 4 ('d', 'a', 'b', 'h')
move to d a b and h in any order
& F d & F a & F b F h
& F d & F a & F b F h
True

585/10725
Partial result: 559/585 = 0.9555555555555556
visit | 4 ('d', 'a', 'c', 'b')
move to d a c and b in any order
& F d & F a & F c F b
& F d & F a & F c F b
True

586/10725
Partial result: 560/586 = 0.9556313993174061
visit | 4 ('d', 'a', 'c', 'h')
move to d a c and h in any order
& F d & F a & F c F h
& F d & F a & F c F h
True

587/10725
Partial result: 561/587 = 0.9557069846678024
visit | 4 ('d', 'a', 'h', 'b')
move to d a h and b in any order
& F d & F a & F h F b
& F d & F a & F h F b
True

588/10725
Partial result: 562/588 = 0.95578231292517
visit | 4 ('d', 'a', 'h', 'c')
move to d a h and c in any order
& F d & F a & F h F c
& F d & F a & F h F c
True

589/10725
Partial result: 563/589 = 0.9558573853989814
visit | 4 ('d', 'b', 'a', 'c')
move to d b a and c in any order
& F d & F b & F a F c
& F d & F b & F a F c
True

590/10725
Partial result: 564/590 = 0.9559322033898305
visit | 4 ('d', 'b', 'a', 'h')
move to d b a and h in any order
& F d & F b & F a F h
& F d & F b & F a F h
True

591/10725
Partial result: 565/591 = 0.9560067681895094
visit | 4 ('d', 'b', 'c', 'a')
move to d b c and a in any order
& F d & F b & F c F a
& F d & F b & F c F a
True

592/10725
Partial result: 566/592 = 0.956081081081081
visit | 4 ('d', 'b', 'c', 'h')
move to d b c and h in any order
& F d & F b & F c F h
& F d & F b & F c F h
True

593/10725
Partial result: 567/593 = 0.9561551433389545
visit | 4 ('d', 'b', 'h', 'a')
move to d b h and a in any order
& F d & F b & F h F a
& F d & F b & F h F a
True

594/10725
Partial result: 568/594 = 0.9562289562289562
visit | 4 ('d', 'b', 'h', 'c')
move to d b h and c in any order
& F d & F b & F h F c
& F d & F b & F h F c
True

595/10725
Partial result: 569/595 = 0.9563025210084034
visit | 4 ('d', 'c', 'a', 'b')
move to d c a and b in any order
& F d & F c & F a F b
& F d & F c & F a F b
True

596/10725
Partial result: 570/596 = 0.9563758389261745
visit | 4 ('d', 'c', 'a', 'h')
move to d c a and h in any order
& F d & F c & F a F h
& F d & F c & F a F h
True

597/10725
Partial result: 571/597 = 0.9564489112227805
visit | 4 ('d', 'c', 'b', 'a')
move to d c b and a in any order
& F d & F c & F b F a
& F d & F c & F b F a
True

598/10725
Partial result: 572/598 = 0.9565217391304348
visit | 4 ('d', 'c', 'b', 'h')
move to d c b and h in any order
& F d & F c & F b F h
& F d & F c & F b F h
True

599/10725
Partial result: 573/599 = 0.9565943238731218
visit | 4 ('d', 'c', 'h', 'a')
move to d c h and a in any order
& F d & F c & F h F a
& F d & F c & F h F a
True

600/10725
Partial result: 574/600 = 0.9566666666666667
visit | 4 ('d', 'c', 'h', 'b')
move to d c h and b in any order
& F d & F c & F h F b
& F d & F c & F h F b
True

601/10725
Partial result: 575/601 = 0.956738768718802
visit | 4 ('d', 'h', 'a', 'b')
move to d h a and b in any order
& F d & F h & F a F b
& F d & F h & F a F b
True

602/10725
Partial result: 576/602 = 0.9568106312292359
visit | 4 ('d', 'h', 'a', 'c')
move to d h a and c in any order
& F d & F h & F a F c
& F d & F h & F a F c
True

603/10725
Partial result: 577/603 = 0.956882255389718
visit | 4 ('d', 'h', 'b', 'a')
move to d h b and a in any order
& F d & F h & F b F a
& F d & F h & F b F a
True

604/10725
Partial result: 578/604 = 0.956953642384106
visit | 4 ('d', 'h', 'b', 'c')
move to d h b and c in any order
& F d & F h & F b F c
& F d & F h & F b F c
True

605/10725
Partial result: 579/605 = 0.9570247933884297
visit | 4 ('d', 'h', 'c', 'a')
move to d h c and a in any order
& F d & F h & F c F a
& F d & F h & F c F a
True

606/10725
Partial result: 580/606 = 0.9570957095709571
visit | 4 ('d', 'h', 'c', 'b')
move to d h c and b in any order
& F d & F h & F c F b
& F d & F h & F c F b
True

607/10725
Partial result: 581/607 = 0.957166392092257
visit | 4 ('h', 'a', 'b', 'c')
move to h a b and c in any order
& F h & F a & F b F c
& F h & F a & F b F c
True

608/10725
Partial result: 582/608 = 0.9572368421052632
visit | 4 ('h', 'a', 'b', 'd')
move to h a b and d in any order
& F h & F a & F b F d
& F h & F a & F b F d
True

609/10725
Partial result: 583/609 = 0.9573070607553367
visit | 4 ('h', 'a', 'c', 'b')
move to h a c and b in any order
& F h & F a & F c F b
& F h & F a & F c F b
True

610/10725
Partial result: 584/610 = 0.9573770491803278
visit | 4 ('h', 'a', 'c', 'd')
move to h a c and d in any order
& F h & F a & F c F d
& F h & F a & F c F d
True

611/10725
Partial result: 585/611 = 0.9574468085106383
visit | 4 ('h', 'a', 'd', 'b')
move to h a d and b in any order
& F h & F a & F d F b
& F h & F a & F d F b
True

612/10725
Partial result: 586/612 = 0.9575163398692811
visit | 4 ('h', 'a', 'd', 'c')
move to h a d and c in any order
& F h & F a & F d F c
& F h & F a & F d F c
True

613/10725
Partial result: 587/613 = 0.9575856443719413
visit | 4 ('h', 'b', 'a', 'c')
move to h b a and c in any order
& F h & F b & F a F c
& F h & F b & F a F c
True

614/10725
Partial result: 588/614 = 0.9576547231270358
visit | 4 ('h', 'b', 'a', 'd')
move to h b a and d in any order
& F h & F b & F a F d
& F h & F b & F a F d
True

615/10725
Partial result: 589/615 = 0.9577235772357724
visit | 4 ('h', 'b', 'c', 'a')
move to h b c and a in any order
& F h & F b & F c F a
& F h & F b & F c F a
True

616/10725
Partial result: 590/616 = 0.9577922077922078
visit | 4 ('h', 'b', 'c', 'd')
move to h b c and d in any order
& F h & F b & F c F d
& F h & F b & F c F d
True

617/10725
Partial result: 591/617 = 0.9578606158833063
visit | 4 ('h', 'b', 'd', 'a')
move to h b d and a in any order
& F h & F b & F d F a
& F h & F b & F d F a
True

618/10725
Partial result: 592/618 = 0.9579288025889967
visit | 4 ('h', 'b', 'd', 'c')
move to h b d and c in any order
& F h & F b & F d F c
& F h & F b & F d F c
True

619/10725
Partial result: 593/619 = 0.9579967689822294
visit | 4 ('h', 'c', 'a', 'b')
move to h c a and b in any order
& F h & F c & F a F b
& F h & F c & F a F b
True

620/10725
Partial result: 594/620 = 0.9580645161290322
visit | 4 ('h', 'c', 'a', 'd')
move to h c a and d in any order
& F h & F c & F a F d
& F h & F c & F a F d
True

621/10725
Partial result: 595/621 = 0.9581320450885669
visit | 4 ('h', 'c', 'b', 'a')
move to h c b and a in any order
& F h & F c & F b F a
& F h & F c & F b F a
True

622/10725
Partial result: 596/622 = 0.9581993569131833
visit | 4 ('h', 'c', 'b', 'd')
move to h c b and d in any order
& F h & F c & F b F d
& F h & F c & F b F d
True

623/10725
Partial result: 597/623 = 0.9582664526484751
visit | 4 ('h', 'c', 'd', 'a')
move to h c d and a in any order
& F h & F c & F d F a
& F h & F c & F d F a
True

624/10725
Partial result: 598/624 = 0.9583333333333334
visit | 4 ('h', 'c', 'd', 'b')
move to h c d and b in any order
& F h & F c & F d F b
& F h & F c & F d F b
True

625/10725
Partial result: 599/625 = 0.9584
visit | 4 ('h', 'd', 'a', 'b')
move to h d a and b in any order
& F h & F d & F a F b
& F h & F d & F a F b
True

626/10725
Partial result: 600/626 = 0.9584664536741214
visit | 4 ('h', 'd', 'a', 'c')
move to h d a and c in any order
& F h & F d & F a F c
& F h & F d & F a F c
True

627/10725
Partial result: 601/627 = 0.9585326953748007
visit | 4 ('h', 'd', 'b', 'a')
move to h d b and a in any order
& F h & F d & F b F a
& F h & F d & F b F a
True

628/10725
Partial result: 602/628 = 0.9585987261146497
visit | 4 ('h', 'd', 'b', 'c')
move to h d b and c in any order
& F h & F d & F b F c
& F h & F d & F b F c
True

629/10725
Partial result: 603/629 = 0.958664546899841
visit | 4 ('h', 'd', 'c', 'a')
move to h d c and a in any order
& F h & F d & F c F a
& F h & F d & F c F a
True

630/10725
Partial result: 604/630 = 0.9587301587301588
visit | 4 ('h', 'd', 'c', 'b')
move to h d c and b in any order
& F h & F d & F c F b
& F h & F d & F c F b
True

631/10725
Partial result: 605/631 = 0.9587955625990491
visit | 4 ('a', 'b', 'c', 'd')
visit a b c and d in any order
& F a & F b & F c F d
& F a & F b & F c F d
True

632/10725
Partial result: 606/632 = 0.9588607594936709
visit | 4 ('a', 'b', 'c', 'h')
visit a b c and h in any order
& F a & F b & F c F h
& F a & F b & F c F h
True

633/10725
Partial result: 607/633 = 0.9589257503949447
visit | 4 ('a', 'b', 'd', 'c')
visit a b d and c in any order
& F a & F b & F d F c
& F a & F b & F d F c
True

634/10725
Partial result: 608/634 = 0.9589905362776026
visit | 4 ('a', 'b', 'd', 'h')
visit a b d and h in any order
& F a & F b & F d F h
& F a & F b & F d F h
True

635/10725
Partial result: 609/635 = 0.9590551181102362
visit | 4 ('a', 'b', 'h', 'c')
visit a b h and c in any order
& F a & F b & F h F c
& F a & F b & F h F c
True

636/10725
Partial result: 610/636 = 0.9591194968553459
visit | 4 ('a', 'b', 'h', 'd')
visit a b h and d in any order
& F a & F b & F h F d
& F a & F b & F h F d
True

637/10725
Partial result: 611/637 = 0.9591836734693877
visit | 4 ('a', 'c', 'b', 'd')
visit a c b and d in any order
& F a & F c & F b F d
& F a & F c & F b F d
True

638/10725
Partial result: 612/638 = 0.9592476489028213
visit | 4 ('a', 'c', 'b', 'h')
visit a c b and h in any order
& F a & F c & F b F h
& F a & F c & F b F h
True

639/10725
Partial result: 613/639 = 0.9593114241001565
visit | 4 ('a', 'c', 'd', 'b')
visit a c d and b in any order
& F a & F c & F d F b
& F a & F c & F d F b
True

640/10725
Partial result: 614/640 = 0.959375
visit | 4 ('a', 'c', 'd', 'h')
visit a c d and h in any order
& F a & F c & F d F h
& F a & F c & F d F h
True

641/10725
Partial result: 615/641 = 0.9594383775351014
visit | 4 ('a', 'c', 'h', 'b')
visit a c h and b in any order
& F a & F c & F h F b
& F a & F c & F h F b
True

642/10725
Partial result: 616/642 = 0.9595015576323987
visit | 4 ('a', 'c', 'h', 'd')
visit a c h and d in any order
& F a & F c & F h F d
& F a & F c & F h F d
True

643/10725
Partial result: 617/643 = 0.9595645412130638
visit | 4 ('a', 'd', 'b', 'c')
visit a d b and c in any order
& F a & F d & F b F c
& F a & F d & F b F c
True

644/10725
Partial result: 618/644 = 0.9596273291925466
visit | 4 ('a', 'd', 'b', 'h')
visit a d b and h in any order
& F a & F d & F b F h
& F a & F d & F b F h
True

645/10725
Partial result: 619/645 = 0.9596899224806201
visit | 4 ('a', 'd', 'c', 'b')
visit a d c and b in any order
& F a & F d & F c F b
& F a & F d & F c F b
True

646/10725
Partial result: 620/646 = 0.9597523219814241
visit | 4 ('a', 'd', 'c', 'h')
visit a d c and h in any order
& F a & F d & F c F h
& F a & F d & F c F h
True

647/10725
Partial result: 621/647 = 0.9598145285935085
visit | 4 ('a', 'd', 'h', 'b')
visit a d h and b in any order
& F a & F d & F h F b
& F a & F d & F h F b
True

648/10725
Partial result: 622/648 = 0.9598765432098766
visit | 4 ('a', 'd', 'h', 'c')
visit a d h and c in any order
& F a & F d & F h F c
& F a & F d & F h F c
True

649/10725
Partial result: 623/649 = 0.9599383667180277
visit | 4 ('a', 'h', 'b', 'c')
visit a h b and c in any order
& F a & F h & F b F c
& F a & F h & F b F c
True

650/10725
Partial result: 624/650 = 0.96
visit | 4 ('a', 'h', 'b', 'd')
visit a h b and d in any order
& F a & F h & F b F d
& F a & F h & F b F d
True

651/10725
Partial result: 625/651 = 0.9600614439324117
visit | 4 ('a', 'h', 'c', 'b')
visit a h c and b in any order
& F a & F h & F c F b
& F a & F h & F c F b
True

652/10725
Partial result: 626/652 = 0.9601226993865031
visit | 4 ('a', 'h', 'c', 'd')
visit a h c and d in any order
& F a & F h & F c F d
& F a & F h & F c F d
True

653/10725
Partial result: 627/653 = 0.9601837672281777
visit | 4 ('a', 'h', 'd', 'b')
visit a h d and b in any order
& F a & F h & F d F b
& F a & F h & F d F b
True

654/10725
Partial result: 628/654 = 0.9602446483180428
visit | 4 ('a', 'h', 'd', 'c')
visit a h d and c in any order
& F a & F h & F d F c
& F a & F h & F d F c
True

655/10725
Partial result: 629/655 = 0.9603053435114504
visit | 4 ('b', 'a', 'c', 'd')
visit b a c and d in any order
& F b & F a & F c F d
& F b & F a & F c F d
True

656/10725
Partial result: 630/656 = 0.9603658536585366
visit | 4 ('b', 'a', 'c', 'h')
visit b a c and h in any order
& F b & F a & F c F h
& F b & F a & F c F h
True

657/10725
Partial result: 631/657 = 0.9604261796042618
visit | 4 ('b', 'a', 'd', 'c')
visit b a d and c in any order
& F b & F a & F d F c
& F b & F a & F d F c
True

658/10725
Partial result: 632/658 = 0.9604863221884499
visit | 4 ('b', 'a', 'd', 'h')
visit b a d and h in any order
& F b & F a & F d F h
& F b & F a & F d F h
True

659/10725
Partial result: 633/659 = 0.960546282245827
visit | 4 ('b', 'a', 'h', 'c')
visit b a h and c in any order
& F b & F a & F h F c
& F b & F a & F h F c
True

660/10725
Partial result: 634/660 = 0.9606060606060606
visit | 4 ('b', 'a', 'h', 'd')
visit b a h and d in any order
& F b & F a & F h F d
& F b & F a & F h F d
True

661/10725
Partial result: 635/661 = 0.9606656580937972
visit | 4 ('b', 'c', 'a', 'd')
visit b c a and d in any order
& F b & F c & F a F d
& F b & F c & F a F d
True

662/10725
Partial result: 636/662 = 0.9607250755287009
visit | 4 ('b', 'c', 'a', 'h')
visit b c a and h in any order
& F b & F c & F a F h
& F b & F c & F a F h
True

663/10725
Partial result: 637/663 = 0.9607843137254902
visit | 4 ('b', 'c', 'd', 'a')
visit b c d and a in any order
& F b & F c & F d F a
& F b & F c & F d F a
True

664/10725
Partial result: 638/664 = 0.9608433734939759
visit | 4 ('b', 'c', 'd', 'h')
visit b c d and h in any order
& F b & F c & F d F h
& F b & F c & F d F h
True

665/10725
Partial result: 639/665 = 0.9609022556390977
visit | 4 ('b', 'c', 'h', 'a')
visit b c h and a in any order
& F b & F c & F h F a
& F b & F c & F h F a
True

666/10725
Partial result: 640/666 = 0.960960960960961
visit | 4 ('b', 'c', 'h', 'd')
visit b c h and d in any order
& F b & F c & F h F d
& F b & F c & F h F d
True

667/10725
Partial result: 641/667 = 0.9610194902548725
visit | 4 ('b', 'd', 'a', 'c')
visit b d a and c in any order
& F b & F d & F a F c
& F b & F d & F a F c
True

668/10725
Partial result: 642/668 = 0.9610778443113772
visit | 4 ('b', 'd', 'a', 'h')
visit b d a and h in any order
& F b & F d & F a F h
& F b & F d & F a F h
True

669/10725
Partial result: 643/669 = 0.9611360239162929
visit | 4 ('b', 'd', 'c', 'a')
visit b d c and a in any order
& F b & F d & F c F a
& F b & F d & F c F a
True

670/10725
Partial result: 644/670 = 0.9611940298507463
visit | 4 ('b', 'd', 'c', 'h')
visit b d c and h in any order
& F b & F d & F c F h
& F b & F d & F c F h
True

671/10725
Partial result: 645/671 = 0.9612518628912071
visit | 4 ('b', 'd', 'h', 'a')
visit b d h and a in any order
& F b & F d & F h F a
& F b & F d & F h F a
True

672/10725
Partial result: 646/672 = 0.9613095238095238
visit | 4 ('b', 'd', 'h', 'c')
visit b d h and c in any order
& F b & F d & F h F c
& F b & F d & F h F c
True

673/10725
Partial result: 647/673 = 0.9613670133729569
visit | 4 ('b', 'h', 'a', 'c')
visit b h a and c in any order
& F b & F h & F a F c
& F b & F h & F a F c
True

674/10725
Partial result: 648/674 = 0.9614243323442137
visit | 4 ('b', 'h', 'a', 'd')
visit b h a and d in any order
& F b & F h & F a F d
& F b & F h & F a F d
True

675/10725
Partial result: 649/675 = 0.9614814814814815
visit | 4 ('b', 'h', 'c', 'a')
visit b h c and a in any order
& F b & F h & F c F a
& F b & F h & F c F a
True

676/10725
Partial result: 650/676 = 0.9615384615384616
visit | 4 ('b', 'h', 'c', 'd')
visit b h c and d in any order
& F b & F h & F c F d
& F b & F h & F c F d
True

677/10725
Partial result: 651/677 = 0.9615952732644018
visit | 4 ('b', 'h', 'd', 'a')
visit b h d and a in any order
& F b & F h & F d F a
& F b & F h & F d F a
True

678/10725
Partial result: 652/678 = 0.9616519174041298
visit | 4 ('b', 'h', 'd', 'c')
visit b h d and c in any order
& F b & F h & F d F c
& F b & F h & F d F c
True

679/10725
Partial result: 653/679 = 0.9617083946980854
visit | 4 ('c', 'a', 'b', 'd')
visit c a b and d in any order
& F c & F a & F b F d
& F c & F a & F b F d
True

680/10725
Partial result: 654/680 = 0.961764705882353
visit | 4 ('c', 'a', 'b', 'h')
visit c a b and h in any order
& F c & F a & F b F h
& F c & F a & F b F h
True

681/10725
Partial result: 655/681 = 0.9618208516886931
visit | 4 ('c', 'a', 'd', 'b')
visit c a d and b in any order
& F c & F a & F d F b
& F c & F a & F d F b
True

682/10725
Partial result: 656/682 = 0.9618768328445748
visit | 4 ('c', 'a', 'd', 'h')
visit c a d and h in any order
& F c & F a & F d F h
& F c & F a & F d F h
True

683/10725
Partial result: 657/683 = 0.9619326500732065
visit | 4 ('c', 'a', 'h', 'b')
visit c a h and b in any order
& F c & F a & F h F b
& F c & F a & F h F b
True

684/10725
Partial result: 658/684 = 0.9619883040935673
visit | 4 ('c', 'a', 'h', 'd')
visit c a h and d in any order
& F c & F a & F h F d
& F c & F a & F h F d
True

685/10725
Partial result: 659/685 = 0.962043795620438
visit | 4 ('c', 'b', 'a', 'd')
visit c b a and d in any order
& F c & F b & F a F d
& F c & F b & F a F d
True

686/10725
Partial result: 660/686 = 0.9620991253644315
visit | 4 ('c', 'b', 'a', 'h')
visit c b a and h in any order
& F c & F b & F a F h
& F c & F b & F a F h
True

687/10725
Partial result: 661/687 = 0.9621542940320232
visit | 4 ('c', 'b', 'd', 'a')
visit c b d and a in any order
& F c & F b & F d F a
& F c & F b & F d F a
True

688/10725
Partial result: 662/688 = 0.9622093023255814
visit | 4 ('c', 'b', 'd', 'h')
visit c b d and h in any order
& F c & F b & F d F h
& F c & F b & F d F h
True

689/10725
Partial result: 663/689 = 0.9622641509433962
visit | 4 ('c', 'b', 'h', 'a')
visit c b h and a in any order
& F c & F b & F h F a
& F c & F b & F h F a
True

690/10725
Partial result: 664/690 = 0.9623188405797102
visit | 4 ('c', 'b', 'h', 'd')
visit c b h and d in any order
& F c & F b & F h F d
& F c & F b & F h F d
True

691/10725
Partial result: 665/691 = 0.9623733719247467
visit | 4 ('c', 'd', 'a', 'b')
visit c d a and b in any order
& F c & F d & F a F b
& F c & F d & F a F b
True

692/10725
Partial result: 666/692 = 0.9624277456647399
visit | 4 ('c', 'd', 'a', 'h')
visit c d a and h in any order
& F c & F d & F a F h
& F c & F d & F a F h
True

693/10725
Partial result: 667/693 = 0.9624819624819625
visit | 4 ('c', 'd', 'b', 'a')
visit c d b and a in any order
& F c & F d & F b F a
& F c & F d & F b F a
True

694/10725
Partial result: 668/694 = 0.962536023054755
visit | 4 ('c', 'd', 'b', 'h')
visit c d b and h in any order
& F c & F d & F b F h
& F c & F d & F b F h
True

695/10725
Partial result: 669/695 = 0.962589928057554
visit | 4 ('c', 'd', 'h', 'a')
visit c d h and a in any order
& F c & F d & F h F a
& F c & F d & F h F a
True

696/10725
Partial result: 670/696 = 0.9626436781609196
visit | 4 ('c', 'd', 'h', 'b')
visit c d h and b in any order
& F c & F d & F h F b
& F c & F d & F h F b
True

697/10725
Partial result: 671/697 = 0.9626972740315638
visit | 4 ('c', 'h', 'a', 'b')
visit c h a and b in any order
& F c & F h & F a F b
& F c & F h & F a F b
True

698/10725
Partial result: 672/698 = 0.9627507163323782
visit | 4 ('c', 'h', 'a', 'd')
visit c h a and d in any order
& F c & F h & F a F d
& F c & F h & F a F d
True

699/10725
Partial result: 673/699 = 0.9628040057224606
visit | 4 ('c', 'h', 'b', 'a')
visit c h b and a in any order
& F c & F h & F b F a
& F c & F h & F b F a
True

700/10725
Partial result: 674/700 = 0.9628571428571429
visit | 4 ('c', 'h', 'b', 'd')
visit c h b and d in any order
& F c & F h & F b F d
& F c & F h & F b F d
True

701/10725
Partial result: 675/701 = 0.9629101283880172
visit | 4 ('c', 'h', 'd', 'a')
visit c h d and a in any order
& F c & F h & F d F a
& F c & F h & F d F a
True

702/10725
Partial result: 676/702 = 0.9629629629629629
visit | 4 ('c', 'h', 'd', 'b')
visit c h d and b in any order
& F c & F h & F d F b
& F c & F h & F d F b
True

703/10725
Partial result: 677/703 = 0.9630156472261735
visit | 4 ('d', 'a', 'b', 'c')
visit d a b and c in any order
& F d & F a & F b F c
& F d & F a & F b F c
True

704/10725
Partial result: 678/704 = 0.9630681818181818
visit | 4 ('d', 'a', 'b', 'h')
visit d a b and h in any order
& F d & F a & F b F h
& F d & F a & F b F h
True

705/10725
Partial result: 679/705 = 0.9631205673758865
visit | 4 ('d', 'a', 'c', 'b')
visit d a c and b in any order
& F d & F a & F c F b
& F d & F a & F c F b
True

706/10725
Partial result: 680/706 = 0.9631728045325779
visit | 4 ('d', 'a', 'c', 'h')
visit d a c and h in any order
& F d & F a & F c F h
& F d & F a & F c F h
True

707/10725
Partial result: 681/707 = 0.9632248939179632
visit | 4 ('d', 'a', 'h', 'b')
visit d a h and b in any order
& F d & F a & F h F b
& F d & F a & F h F b
True

708/10725
Partial result: 682/708 = 0.963276836158192
visit | 4 ('d', 'a', 'h', 'c')
visit d a h and c in any order
& F d & F a & F h F c
& F d & F a & F h F c
True

709/10725
Partial result: 683/709 = 0.9633286318758815
visit | 4 ('d', 'b', 'a', 'c')
visit d b a and c in any order
& F d & F b & F a F c
& F d & F b & F a F c
True

710/10725
Partial result: 684/710 = 0.9633802816901409
visit | 4 ('d', 'b', 'a', 'h')
visit d b a and h in any order
& F d & F b & F a F h
& F d & F b & F a F h
True

711/10725
Partial result: 685/711 = 0.9634317862165963
visit | 4 ('d', 'b', 'c', 'a')
visit d b c and a in any order
& F d & F b & F c F a
& F d & F b & F c F a
True

712/10725
Partial result: 686/712 = 0.9634831460674157
visit | 4 ('d', 'b', 'c', 'h')
visit d b c and h in any order
& F d & F b & F c F h
& F d & F b & F c F h
True

713/10725
Partial result: 687/713 = 0.9635343618513323
visit | 4 ('d', 'b', 'h', 'a')
visit d b h and a in any order
& F d & F b & F h F a
& F d & F b & F h F a
True

714/10725
Partial result: 688/714 = 0.9635854341736695
visit | 4 ('d', 'b', 'h', 'c')
visit d b h and c in any order
& F d & F b & F h F c
& F d & F b & F h F c
True

715/10725
Partial result: 689/715 = 0.9636363636363636
visit | 4 ('d', 'c', 'a', 'b')
visit d c a and b in any order
& F d & F c & F a F b
& F d & F c & F a F b
True

716/10725
Partial result: 690/716 = 0.9636871508379888
visit | 4 ('d', 'c', 'a', 'h')
visit d c a and h in any order
& F d & F c & F a F h
& F d & F c & F a F h
True

717/10725
Partial result: 691/717 = 0.9637377963737797
visit | 4 ('d', 'c', 'b', 'a')
visit d c b and a in any order
& F d & F c & F b F a
& F d & F c & F b F a
True

718/10725
Partial result: 692/718 = 0.9637883008356546
visit | 4 ('d', 'c', 'b', 'h')
visit d c b and h in any order
& F d & F c & F b F h
& F d & F c & F b F h
True

719/10725
Partial result: 693/719 = 0.9638386648122392
visit | 4 ('d', 'c', 'h', 'a')
visit d c h and a in any order
& F d & F c & F h F a
& F d & F c & F h F a
True

720/10725
Partial result: 694/720 = 0.9638888888888889
visit | 4 ('d', 'c', 'h', 'b')
visit d c h and b in any order
& F d & F c & F h F b
& F d & F c & F h F b
True

721/10725
Partial result: 695/721 = 0.9639389736477115
visit | 4 ('d', 'h', 'a', 'b')
visit d h a and b in any order
& F d & F h & F a F b
& F d & F h & F a F b
True

722/10725
Partial result: 696/722 = 0.96398891966759
visit | 4 ('d', 'h', 'a', 'c')
visit d h a and c in any order
& F d & F h & F a F c
& F d & F h & F a F c
True

723/10725
Partial result: 697/723 = 0.9640387275242047
visit | 4 ('d', 'h', 'b', 'a')
visit d h b and a in any order
& F d & F h & F b F a
& F d & F h & F b F a
True

724/10725
Partial result: 698/724 = 0.9640883977900553
visit | 4 ('d', 'h', 'b', 'c')
visit d h b and c in any order
& F d & F h & F b F c
& F d & F h & F b F c
True

725/10725
Partial result: 699/725 = 0.9641379310344828
visit | 4 ('d', 'h', 'c', 'a')
visit d h c and a in any order
& F d & F h & F c F a
& F d & F h & F c F a
True

726/10725
Partial result: 700/726 = 0.9641873278236914
visit | 4 ('d', 'h', 'c', 'b')
visit d h c and b in any order
& F d & F h & F c F b
& F d & F h & F c F b
True

727/10725
Partial result: 701/727 = 0.9642365887207703
visit | 4 ('h', 'a', 'b', 'c')
visit h a b and c in any order
& F h & F a & F b F c
& F h & F a & F b F c
True

728/10725
Partial result: 702/728 = 0.9642857142857143
visit | 4 ('h', 'a', 'b', 'd')
visit h a b and d in any order
& F h & F a & F b F d
& F h & F a & F b F d
True

729/10725
Partial result: 703/729 = 0.9643347050754458
visit | 4 ('h', 'a', 'c', 'b')
visit h a c and b in any order
& F h & F a & F c F b
& F h & F a & F c F b
True

730/10725
Partial result: 704/730 = 0.9643835616438357
visit | 4 ('h', 'a', 'c', 'd')
visit h a c and d in any order
& F h & F a & F c F d
& F h & F a & F c F d
True

731/10725
Partial result: 705/731 = 0.9644322845417237
visit | 4 ('h', 'a', 'd', 'b')
visit h a d and b in any order
& F h & F a & F d F b
& F h & F a & F d F b
True

732/10725
Partial result: 706/732 = 0.9644808743169399
visit | 4 ('h', 'a', 'd', 'c')
visit h a d and c in any order
& F h & F a & F d F c
& F h & F a & F d F c
True

733/10725
Partial result: 707/733 = 0.9645293315143247
visit | 4 ('h', 'b', 'a', 'c')
visit h b a and c in any order
& F h & F b & F a F c
& F h & F b & F a F c
True

734/10725
Partial result: 708/734 = 0.9645776566757494
visit | 4 ('h', 'b', 'a', 'd')
visit h b a and d in any order
& F h & F b & F a F d
& F h & F b & F a F d
True

735/10725
Partial result: 709/735 = 0.964625850340136
visit | 4 ('h', 'b', 'c', 'a')
visit h b c and a in any order
& F h & F b & F c F a
& F h & F b & F c F a
True

736/10725
Partial result: 710/736 = 0.9646739130434783
visit | 4 ('h', 'b', 'c', 'd')
visit h b c and d in any order
& F h & F b & F c F d
& F h & F b & F c F d
True

737/10725
Partial result: 711/737 = 0.9647218453188603
visit | 4 ('h', 'b', 'd', 'a')
visit h b d and a in any order
& F h & F b & F d F a
& F h & F b & F d F a
True

738/10725
Partial result: 712/738 = 0.964769647696477
visit | 4 ('h', 'b', 'd', 'c')
visit h b d and c in any order
& F h & F b & F d F c
& F h & F b & F d F c
True

739/10725
Partial result: 713/739 = 0.9648173207036536
visit | 4 ('h', 'c', 'a', 'b')
visit h c a and b in any order
& F h & F c & F a F b
& F h & F c & F a F b
True

740/10725
Partial result: 714/740 = 0.9648648648648649
visit | 4 ('h', 'c', 'a', 'd')
visit h c a and d in any order
& F h & F c & F a F d
& F h & F c & F a F d
True

741/10725
Partial result: 715/741 = 0.9649122807017544
visit | 4 ('h', 'c', 'b', 'a')
visit h c b and a in any order
& F h & F c & F b F a
& F h & F c & F b F a
True

742/10725
Partial result: 716/742 = 0.9649595687331537
visit | 4 ('h', 'c', 'b', 'd')
visit h c b and d in any order
& F h & F c & F b F d
& F h & F c & F b F d
True

743/10725
Partial result: 717/743 = 0.9650067294751009
visit | 4 ('h', 'c', 'd', 'a')
visit h c d and a in any order
& F h & F c & F d F a
& F h & F c & F d F a
True

744/10725
Partial result: 718/744 = 0.9650537634408602
visit | 4 ('h', 'c', 'd', 'b')
visit h c d and b in any order
& F h & F c & F d F b
& F h & F c & F d F b
True

745/10725
Partial result: 719/745 = 0.9651006711409396
visit | 4 ('h', 'd', 'a', 'b')
visit h d a and b in any order
& F h & F d & F a F b
& F h & F d & F a F b
True

746/10725
Partial result: 720/746 = 0.9651474530831099
visit | 4 ('h', 'd', 'a', 'c')
visit h d a and c in any order
& F h & F d & F a F c
& F h & F d & F a F c
True

747/10725
Partial result: 721/747 = 0.965194109772423
visit | 4 ('h', 'd', 'b', 'a')
visit h d b and a in any order
& F h & F d & F b F a
& F h & F d & F b F a
True

748/10725
Partial result: 722/748 = 0.9652406417112299
visit | 4 ('h', 'd', 'b', 'c')
visit h d b and c in any order
& F h & F d & F b F c
& F h & F d & F b F c
True

749/10725
Partial result: 723/749 = 0.965287049399199
visit | 4 ('h', 'd', 'c', 'a')
visit h d c and a in any order
& F h & F d & F c F a
& F h & F d & F c F a
True

750/10725
Partial result: 724/750 = 0.9653333333333334
visit | 4 ('h', 'd', 'c', 'b')
visit h d c and b in any order
& F h & F d & F c F b
& F h & F d & F c F b
True

751/10725
Partial result: 724/751 = 0.9640479360852197
visit | 4 ('a', 'b', 'c', 'd')
visit a b c and d in no particular order
& F a & F b & F c F d
& F b & F d & F a & F c F h
False

752/10725
Partial result: 724/752 = 0.9627659574468085
visit | 4 ('a', 'b', 'c', 'h')
visit a b c and h in no particular order
& F a & F b & F c F h
& F b & F h & F a & F c F d
False

753/10725
Partial result: 725/753 = 0.9628154050464808
visit | 4 ('a', 'b', 'd', 'c')
visit a b d and c in no particular order
& F a & F b & F d F c
& F b & F c & F a F d
True

754/10725
Partial result: 725/754 = 0.9615384615384616
visit | 4 ('a', 'b', 'd', 'h')
visit a b d and h in no particular order
& F a & F b & F d F h
& F b & F h & F a & F d F c
False

755/10725
Partial result: 725/755 = 0.9602649006622517
visit | 4 ('a', 'b', 'h', 'c')
visit a b h and c in no particular order
& F a & F b & F h F c
& F b & F c & F a & F h F d
False

756/10725
Partial result: 725/756 = 0.958994708994709
visit | 4 ('a', 'b', 'h', 'd')
visit a b h and d in no particular order
& F a & F b & F h F d
& F b & F d & F a & F h F c
False

757/10725
Partial result: 726/757 = 0.9590488771466315
visit | 4 ('a', 'c', 'b', 'd')
visit a c b and d in no particular order
& F a & F c & F b F d
& F c & F d & F a & F b F c
True

758/10725
Partial result: 727/758 = 0.9591029023746702
visit | 4 ('a', 'c', 'b', 'h')
visit a c b and h in no particular order
& F a & F c & F b F h
& F c & F h & F a & F b F c
True

759/10725
Partial result: 728/759 = 0.9591567852437418
visit | 4 ('a', 'c', 'd', 'b')
visit a c d and b in no particular order
& F a & F c & F d F b
& F c & F b & F a & F d F c
True

760/10725
Partial result: 729/760 = 0.9592105263157895
visit | 4 ('a', 'c', 'd', 'h')
visit a c d and h in no particular order
& F a & F c & F d F h
& F c & F h & F a & F d F c
True

761/10725
Partial result: 730/761 = 0.9592641261498029
visit | 4 ('a', 'c', 'h', 'b')
visit a c h and b in no particular order
& F a & F c & F h F b
& F c & F b & F a & F h F c
True

762/10725
Partial result: 731/762 = 0.9593175853018373
visit | 4 ('a', 'c', 'h', 'd')
visit a c h and d in no particular order
& F a & F c & F h F d
& F c & F d & F a & F h F c
True

763/10725
Partial result: 732/763 = 0.9593709043250328
visit | 4 ('a', 'd', 'b', 'c')
visit a d b and c in no particular order
& F a & F d & F b F c
& F d & F c & F a F b
True

764/10725
Partial result: 733/764 = 0.9594240837696335
visit | 4 ('a', 'd', 'b', 'h')
visit a d b and h in no particular order
& F a & F d & F b F h
& F d & F h & F a & F b F h
True

765/10725
Partial result: 734/765 = 0.9594771241830066
visit | 4 ('a', 'd', 'c', 'b')
visit a d c and b in no particular order
& F a & F d & F c F b
& F d & F b & F a & F c F d
True

766/10725
Partial result: 735/766 = 0.9595300261096605
visit | 4 ('a', 'd', 'c', 'h')
visit a d c and h in no particular order
& F a & F d & F c F h
& F d & F h & F a & F c F d
True

767/10725
Partial result: 736/767 = 0.9595827900912647
visit | 4 ('a', 'd', 'h', 'b')
visit a d h and b in no particular order
& F a & F d & F h F b
& F d & F b & F a & F h F d
True

768/10725
Partial result: 737/768 = 0.9596354166666666
visit | 4 ('a', 'd', 'h', 'c')
visit a d h and c in no particular order
& F a & F d & F h F c
& F d & F c & F a F h
True

769/10725
Partial result: 738/769 = 0.9596879063719116
visit | 4 ('a', 'h', 'b', 'c')
visit a h b and c in no particular order
& F a & F h & F b F c
& F h & F c & F a F b
True

770/10725
Partial result: 738/770 = 0.9584415584415584
visit | 4 ('a', 'h', 'b', 'd')
visit a h b and d in no particular order
& F a & F h & F b F d
& F h & F d & F a & F b F c
False

771/10725
Partial result: 738/771 = 0.9571984435797666
visit | 4 ('a', 'h', 'c', 'b')
visit a h c and b in no particular order
& F a & F h & F c F b
& F h & F b & F a & F c F d
False

772/10725
Partial result: 739/772 = 0.9572538860103627
visit | 4 ('a', 'h', 'c', 'd')
visit a h c and d in no particular order
& F a & F h & F c F d
& F h & F d & F a & F c F h
True

773/10725
Partial result: 739/773 = 0.9560155239327296
visit | 4 ('a', 'h', 'd', 'b')
visit a h d and b in no particular order
& F a & F h & F d F b
& F h & F b & F a & F d F c
False

774/10725
Partial result: 740/774 = 0.9560723514211886
visit | 4 ('a', 'h', 'd', 'c')
visit a h d and c in no particular order
& F a & F h & F d F c
& F h & F c & F a & F d F h
True

775/10725
Partial result: 741/775 = 0.9561290322580646
visit | 4 ('b', 'a', 'c', 'd')
visit b a c and d in no particular order
& F b & F a & F c F d
& F a & F d & F b & F c F d
True

776/10725
Partial result: 741/776 = 0.9548969072164949
visit | 4 ('b', 'a', 'c', 'h')
visit b a c and h in no particular order
& F b & F a & F c F h
& F a & F h & F b & F c F d
False

777/10725
Partial result: 742/777 = 0.954954954954955
visit | 4 ('b', 'a', 'd', 'c')
visit b a d and c in no particular order
& F b & F a & F d F c
& F a & F c & F b F d
True

778/10725
Partial result: 743/778 = 0.9550128534704371
visit | 4 ('b', 'a', 'd', 'h')
visit b a d and h in no particular order
& F b & F a & F d F h
& F a & F h & F b & F d F d
True

779/10725
Partial result: 744/779 = 0.9550706033376123
visit | 4 ('b', 'a', 'h', 'c')
visit b a h and c in no particular order
& F b & F a & F h F c
& F a & F c & F b F h
True

780/10725
Partial result: 744/780 = 0.9538461538461539
visit | 4 ('b', 'a', 'h', 'd')
visit b a h and d in no particular order
& F b & F a & F h F d
& F a & F d & F b & F h F c
False

781/10725
Partial result: 745/781 = 0.9539052496798975
visit | 4 ('b', 'c', 'a', 'd')
visit b c a and d in no particular order
& F b & F c & F a F d
& F c & F d & F b & F a F c
True

782/10725
Partial result: 746/782 = 0.9539641943734015
visit | 4 ('b', 'c', 'a', 'h')
visit b c a and h in no particular order
& F b & F c & F a F h
& F c & F h & F b & F a F c
True

783/10725
Partial result: 747/783 = 0.9540229885057471
visit | 4 ('b', 'c', 'd', 'a')
visit b c d and a in no particular order
& F b & F c & F d F a
& F c & F a & F b & F d F c
True

784/10725
Partial result: 748/784 = 0.9540816326530612
visit | 4 ('b', 'c', 'd', 'h')
visit b c d and h in no particular order
& F b & F c & F d F h
& F c & F h & F b & F d F c
True

785/10725
Partial result: 749/785 = 0.954140127388535
visit | 4 ('b', 'c', 'h', 'a')
visit b c h and a in no particular order
& F b & F c & F h F a
& F c & F a & F b & F h F c
True

786/10725
Partial result: 750/786 = 0.9541984732824428
visit | 4 ('b', 'c', 'h', 'd')
visit b c h and d in no particular order
& F b & F c & F h F d
& F c & F d & F b & F h F c
True

787/10725
Partial result: 751/787 = 0.9542566709021602
visit | 4 ('b', 'd', 'a', 'c')
visit b d a and c in no particular order
& F b & F d & F a F c
& F d & F c & F b F a
True

788/10725
Partial result: 752/788 = 0.9543147208121827
visit | 4 ('b', 'd', 'a', 'h')
visit b d a and h in no particular order
& F b & F d & F a F h
& F d & F h & F b F a
True

789/10725
Partial result: 753/789 = 0.9543726235741445
visit | 4 ('b', 'd', 'c', 'a')
visit b d c and a in no particular order
& F b & F d & F c F a
& F d & F a & F b & F c F d
True

790/10725
Partial result: 754/790 = 0.9544303797468354
visit | 4 ('b', 'd', 'c', 'h')
visit b d c and h in no particular order
& F b & F d & F c F h
& F d & F h & F b & F c F d
True

791/10725
Partial result: 755/791 = 0.95448798988622
visit | 4 ('b', 'd', 'h', 'a')
visit b d h and a in no particular order
& F b & F d & F h F a
& F d & F a & F b & F h F d
True

792/10725
Partial result: 756/792 = 0.9545454545454546
visit | 4 ('b', 'd', 'h', 'c')
visit b d h and c in no particular order
& F b & F d & F h F c
& F d & F c & F b F h
True

793/10725
Partial result: 757/793 = 0.9546027742749055
visit | 4 ('b', 'h', 'a', 'c')
visit b h a and c in no particular order
& F b & F h & F a F c
& F h & F c & F b F a
True

794/10725
Partial result: 757/794 = 0.9534005037783375
visit | 4 ('b', 'h', 'a', 'd')
visit b h a and d in no particular order
& F b & F h & F a F d
& F h & F d & F b & F a F c
False

795/10725
Partial result: 757/795 = 0.9522012578616352
visit | 4 ('b', 'h', 'c', 'a')
visit b h c and a in no particular order
& F b & F h & F c F a
& F h & F a & F b & F c F d
False

796/10725
Partial result: 758/796 = 0.9522613065326633
visit | 4 ('b', 'h', 'c', 'd')
visit b h c and d in no particular order
& F b & F h & F c F d
& F h & F d & F b & F c F h
True

797/10725
Partial result: 758/797 = 0.9510664993726474
visit | 4 ('b', 'h', 'd', 'a')
visit b h d and a in no particular order
& F b & F h & F d F a
& F h & F a & F b & F d F c
False

798/10725
Partial result: 759/798 = 0.9511278195488722
visit | 4 ('b', 'h', 'd', 'c')
visit b h d and c in no particular order
& F b & F h & F d F c
& F h & F c & F b F d
True

799/10725
Partial result: 760/799 = 0.951188986232791
visit | 4 ('c', 'a', 'b', 'd')
visit c a b and d in no particular order
& F c & F a & F b F d
& F a & F d & F c & F b F d
True

800/10725
Partial result: 760/800 = 0.95
visit | 4 ('c', 'a', 'b', 'h')
visit c a b and h in no particular order
& F c & F a & F b F h
& F a & F h & F c & F b F d
False

801/10725
Partial result: 761/801 = 0.9500624219725343
visit | 4 ('c', 'a', 'd', 'b')
visit c a d and b in no particular order
& F c & F a & F d F b
& F a & F b & F c & F d F d
True

802/10725
Partial result: 762/802 = 0.9501246882793017
visit | 4 ('c', 'a', 'd', 'h')
visit c a d and h in no particular order
& F c & F a & F d F h
& F a & F h & F c & F d F d
True

803/10725
Partial result: 762/803 = 0.9489414694894147
visit | 4 ('c', 'a', 'h', 'b')
visit c a h and b in no particular order
& F c & F a & F h F b
& F a & F b & F c & F h F d
False

804/10725
Partial result: 763/804 = 0.9490049751243781
visit | 4 ('c', 'a', 'h', 'd')
visit c a h and d in no particular order
& F c & F a & F h F d
& F a & F d & F c & F h F a
True

805/10725
Partial result: 764/805 = 0.9490683229813665
visit | 4 ('c', 'b', 'a', 'd')
visit c b a and d in no particular order
& F c & F b & F a F d
& F b & F d & F c & F a F b
True

806/10725
Partial result: 765/806 = 0.9491315136476427
visit | 4 ('c', 'b', 'a', 'h')
visit c b a and h in no particular order
& F c & F b & F a F h
& F b & F h & F c & F a F b
True

807/10725
Partial result: 766/807 = 0.9491945477075588
visit | 4 ('c', 'b', 'd', 'a')
visit c b d and a in no particular order
& F c & F b & F d F a
& F b & F a & F c & F d F d
True

808/10725
Partial result: 767/808 = 0.9492574257425742
visit | 4 ('c', 'b', 'd', 'h')
visit c b d and h in no particular order
& F c & F b & F d F h
& F b & F h & F c & F d F d
True

809/10725
Partial result: 767/809 = 0.9480840543881335
visit | 4 ('c', 'b', 'h', 'a')
visit c b h and a in no particular order
& F c & F b & F h F a
& F b & F a & F c & F h F d
False

810/10725
Partial result: 768/810 = 0.9481481481481482
visit | 4 ('c', 'b', 'h', 'd')
visit c b h and d in no particular order
& F c & F b & F h F d
& F b & F d & F c & F h F b
True

811/10725
Partial result: 769/811 = 0.9482120838471023
visit | 4 ('c', 'd', 'a', 'b')
visit c d a and b in no particular order
& F c & F d & F a F b
& F d & F b & F c & F a F d
True

812/10725
Partial result: 770/812 = 0.9482758620689655
visit | 4 ('c', 'd', 'a', 'h')
visit c d a and h in no particular order
& F c & F d & F a F h
& F d & F h & F c & F a F d
True

813/10725
Partial result: 771/813 = 0.948339483394834
visit | 4 ('c', 'd', 'b', 'a')
visit c d b and a in no particular order
& F c & F d & F b F a
& F d & F a & F c & F b F d
True

814/10725
Partial result: 772/814 = 0.9484029484029484
visit | 4 ('c', 'd', 'b', 'h')
visit c d b and h in no particular order
& F c & F d & F b F h
& F d & F h & F c & F b F d
True

815/10725
Partial result: 773/815 = 0.9484662576687116
visit | 4 ('c', 'd', 'h', 'a')
visit c d h and a in no particular order
& F c & F d & F h F a
& F d & F a & F c & F h F d
True

816/10725
Partial result: 774/816 = 0.9485294117647058
visit | 4 ('c', 'd', 'h', 'b')
visit c d h and b in no particular order
& F c & F d & F h F b
& F d & F b & F c & F h F d
True

817/10725
Partial result: 775/817 = 0.9485924112607099
visit | 4 ('c', 'h', 'a', 'b')
visit c h a and b in no particular order
& F c & F h & F a F b
& F h & F b & F c & F a F h
True

818/10725
Partial result: 776/818 = 0.9486552567237164
visit | 4 ('c', 'h', 'a', 'd')
visit c h a and d in no particular order
& F c & F h & F a F d
& F h & F d & F c & F a F h
True

819/10725
Partial result: 776/819 = 0.9474969474969475
visit | 4 ('c', 'h', 'b', 'a')
visit c h b and a in no particular order
& F c & F h & F b F a
& F h & F a & F c & F b F d
False

820/10725
Partial result: 777/820 = 0.947560975609756
visit | 4 ('c', 'h', 'b', 'd')
visit c h b and d in no particular order
& F c & F h & F b F d
& F h & F d & F c & F b F h
True

821/10725
Partial result: 778/821 = 0.9476248477466505
visit | 4 ('c', 'h', 'd', 'a')
visit c h d and a in no particular order
& F c & F h & F d F a
& F h & F a & F c & F d F d
True

822/10725
Partial result: 779/822 = 0.9476885644768857
visit | 4 ('c', 'h', 'd', 'b')
visit c h d and b in no particular order
& F c & F h & F d F b
& F h & F b & F c & F d F d
True

823/10725
Partial result: 780/823 = 0.9477521263669502
visit | 4 ('d', 'a', 'b', 'c')
visit d a b and c in no particular order
& F d & F a & F b F c
& F a & F c & F d F b
True

824/10725
Partial result: 781/824 = 0.9478155339805825
visit | 4 ('d', 'a', 'b', 'h')
visit d a b and h in no particular order
& F d & F a & F b F h
& F a & F h & F d F b
True

825/10725
Partial result: 782/825 = 0.9478787878787879
visit | 4 ('d', 'a', 'c', 'b')
visit d a c and b in no particular order
& F d & F a & F c F b
& F a & F b & F d F c
True

826/10725
Partial result: 783/826 = 0.9479418886198547
visit | 4 ('d', 'a', 'c', 'h')
visit d a c and h in no particular order
& F d & F a & F c F h
& F a & F h & F d & F c F d
True

827/10725
Partial result: 784/827 = 0.9480048367593712
visit | 4 ('d', 'a', 'h', 'b')
visit d a h and b in no particular order
& F d & F a & F h F b
& F a & F b & F d F h
True

828/10725
Partial result: 785/828 = 0.9480676328502415
visit | 4 ('d', 'a', 'h', 'c')
visit d a h and c in no particular order
& F d & F a & F h F c
& F a & F c & F d F h
True

829/10725
Partial result: 786/829 = 0.9481302774427021
visit | 4 ('d', 'b', 'a', 'c')
visit d b a and c in no particular order
& F d & F b & F a F c
& F b & F c & F d F a
True

830/10725
Partial result: 787/830 = 0.9481927710843373
visit | 4 ('d', 'b', 'a', 'h')
visit d b a and h in no particular order
& F d & F b & F a F h
& F b & F h & F d F a
True

831/10725
Partial result: 788/831 = 0.9482551143200962
visit | 4 ('d', 'b', 'c', 'a')
visit d b c and a in no particular order
& F d & F b & F c F a
& F b & F a & F d & F c F d
True

832/10725
Partial result: 789/832 = 0.9483173076923077
visit | 4 ('d', 'b', 'c', 'h')
visit d b c and h in no particular order
& F d & F b & F c F h
& F b & F h & F d & F c F d
True

833/10725
Partial result: 790/833 = 0.9483793517406963
visit | 4 ('d', 'b', 'h', 'a')
visit d b h and a in no particular order
& F d & F b & F h F a
& F b & F a & F d F h
True

834/10725
Partial result: 791/834 = 0.9484412470023981
visit | 4 ('d', 'b', 'h', 'c')
visit d b h and c in no particular order
& F d & F b & F h F c
& F b & F c & F d F h
True

835/10725
Partial result: 792/835 = 0.948502994011976
visit | 4 ('d', 'c', 'a', 'b')
visit d c a and b in no particular order
& F d & F c & F a F b
& F c & F b & F d F a
True

836/10725
Partial result: 793/836 = 0.9485645933014354
visit | 4 ('d', 'c', 'a', 'h')
visit d c a and h in no particular order
& F d & F c & F a F h
& F c & F h & F d F a
True

837/10725
Partial result: 794/837 = 0.948626045400239
visit | 4 ('d', 'c', 'b', 'a')
visit d c b and a in no particular order
& F d & F c & F b F a
& F c & F a & F d F b
True

838/10725
Partial result: 795/838 = 0.9486873508353222
visit | 4 ('d', 'c', 'b', 'h')
visit d c b and h in no particular order
& F d & F c & F b F h
& F c & F h & F d F b
True

839/10725
Partial result: 796/839 = 0.9487485101311085
visit | 4 ('d', 'c', 'h', 'a')
visit d c h and a in no particular order
& F d & F c & F h F a
& F c & F a & F d & F h F c
True

840/10725
Partial result: 797/840 = 0.9488095238095238
visit | 4 ('d', 'c', 'h', 'b')
visit d c h and b in no particular order
& F d & F c & F h F b
& F c & F b & F d F h
True

841/10725
Partial result: 798/841 = 0.9488703923900119
visit | 4 ('d', 'h', 'a', 'b')
visit d h a and b in no particular order
& F d & F h & F a F b
& F h & F b & F d F a
True

842/10725
Partial result: 799/842 = 0.9489311163895487
visit | 4 ('d', 'h', 'a', 'c')
visit d h a and c in no particular order
& F d & F h & F a F c
& F h & F c & F d F a
True

843/10725
Partial result: 799/843 = 0.9478054567022538
visit | 4 ('d', 'h', 'b', 'a')
visit d h b and a in no particular order
& F d & F h & F b F a
& F h & F a & F d & F b F c
False

844/10725
Partial result: 800/844 = 0.9478672985781991
visit | 4 ('d', 'h', 'b', 'c')
visit d h b and c in no particular order
& F d & F h & F b F c
& F h & F c & F d F b
True

845/10725
Partial result: 801/845 = 0.9479289940828403
visit | 4 ('d', 'h', 'c', 'a')
visit d h c and a in no particular order
& F d & F h & F c F a
& F h & F a & F d & F c F d
True

846/10725
Partial result: 802/846 = 0.9479905437352246
visit | 4 ('d', 'h', 'c', 'b')
visit d h c and b in no particular order
& F d & F h & F c F b
& F h & F b & F d F c
True

847/10725
Partial result: 803/847 = 0.948051948051948
visit | 4 ('h', 'a', 'b', 'c')
visit h a b and c in no particular order
& F h & F a & F b F c
& F a & F c & F h F b
True

848/10725
Partial result: 803/848 = 0.9469339622641509
visit | 4 ('h', 'a', 'b', 'd')
visit h a b and d in no particular order
& F h & F a & F b F d
& F a & F d & F h & F b F c
False

849/10725
Partial result: 803/849 = 0.9458186101295641
visit | 4 ('h', 'a', 'c', 'b')
visit h a c and b in no particular order
& F h & F a & F c F b
& F a & F b & F h & F c F d
False

850/10725
Partial result: 804/850 = 0.9458823529411765
visit | 4 ('h', 'a', 'c', 'd')
visit h a c and d in no particular order
& F h & F a & F c F d
& F a & F d & F h & F c F d
True

851/10725
Partial result: 804/851 = 0.9447708578143361
visit | 4 ('h', 'a', 'd', 'b')
visit h a d and b in no particular order
& F h & F a & F d F b
& F a & F b & F h & F d F c
False

852/10725
Partial result: 805/852 = 0.9448356807511737
visit | 4 ('h', 'a', 'd', 'c')
visit h a d and c in no particular order
& F h & F a & F d F c
& F a & F c & F h & F d F d
True

853/10725
Partial result: 806/853 = 0.9449003516998827
visit | 4 ('h', 'b', 'a', 'c')
visit h b a and c in no particular order
& F h & F b & F a F c
& F b & F c & F h F a
True

854/10725
Partial result: 807/854 = 0.9449648711943794
visit | 4 ('h', 'b', 'a', 'd')
visit h b a and d in no particular order
& F h & F b & F a F d
& F b & F d & F h F a
True

855/10725
Partial result: 807/855 = 0.9438596491228071
visit | 4 ('h', 'b', 'c', 'a')
visit h b c and a in no particular order
& F h & F b & F c F a
& F b & F a & F h & F c F d
False

856/10725
Partial result: 808/856 = 0.9439252336448598
visit | 4 ('h', 'b', 'c', 'd')
visit h b c and d in no particular order
& F h & F b & F c F d
& F b & F d & F h & F c F d
True

857/10725
Partial result: 808/857 = 0.9428238039673279
visit | 4 ('h', 'b', 'd', 'a')
visit h b d and a in no particular order
& F h & F b & F d F a
& F b & F a & F h & F d F c
False

858/10725
Partial result: 809/858 = 0.9428904428904429
visit | 4 ('h', 'b', 'd', 'c')
visit h b d and c in no particular order
& F h & F b & F d F c
& F b & F c & F h F d
True

859/10725
Partial result: 810/859 = 0.9429569266589057
visit | 4 ('h', 'c', 'a', 'b')
visit h c a and b in no particular order
& F h & F c & F a F b
& F c & F b & F h & F a F c
True

860/10725
Partial result: 811/860 = 0.9430232558139535
visit | 4 ('h', 'c', 'a', 'd')
visit h c a and d in no particular order
& F h & F c & F a F d
& F c & F d & F h & F a F c
True

861/10725
Partial result: 812/861 = 0.943089430894309
visit | 4 ('h', 'c', 'b', 'a')
visit h c b and a in no particular order
& F h & F c & F b F a
& F c & F a & F h & F b F c
True

862/10725
Partial result: 813/862 = 0.9431554524361949
visit | 4 ('h', 'c', 'b', 'd')
visit h c b and d in no particular order
& F h & F c & F b F d
& F c & F d & F h & F b F c
True

863/10725
Partial result: 814/863 = 0.9432213209733488
visit | 4 ('h', 'c', 'd', 'a')
visit h c d and a in no particular order
& F h & F c & F d F a
& F c & F a & F h & F d F c
True

864/10725
Partial result: 815/864 = 0.9432870370370371
visit | 4 ('h', 'c', 'd', 'b')
visit h c d and b in no particular order
& F h & F c & F d F b
& F c & F b & F h & F d F c
True

865/10725
Partial result: 816/865 = 0.9433526011560693
visit | 4 ('h', 'd', 'a', 'b')
visit h d a and b in no particular order
& F h & F d & F a F b
& F d & F b & F h F a
True

866/10725
Partial result: 817/866 = 0.9434180138568129
visit | 4 ('h', 'd', 'a', 'c')
visit h d a and c in no particular order
& F h & F d & F a F c
& F d & F c & F h F a
True

867/10725
Partial result: 818/867 = 0.9434832756632064
visit | 4 ('h', 'd', 'b', 'a')
visit h d b and a in no particular order
& F h & F d & F b F a
& F d & F a & F h & F b F d
True

868/10725
Partial result: 819/868 = 0.9435483870967742
visit | 4 ('h', 'd', 'b', 'c')
visit h d b and c in no particular order
& F h & F d & F b F c
& F d & F c & F h F b
True

869/10725
Partial result: 820/869 = 0.9436133486766398
visit | 4 ('h', 'd', 'c', 'a')
visit h d c and a in no particular order
& F h & F d & F c F a
& F d & F a & F h & F c F d
True

870/10725
Partial result: 821/870 = 0.9436781609195403
visit | 4 ('h', 'd', 'c', 'b')
visit h d c and b in no particular order
& F h & F d & F c F b
& F d & F b & F h & F c F d
True

871/10725
Partial result: 822/871 = 0.9437428243398392
visit | 4 ('a', 'b', 'c', 'd')
go to b d a and c in any order
& F a & F b & F c F d
& F c & F a & F d & F b F a
True

872/10725
Partial result: 823/872 = 0.9438073394495413
visit | 4 ('a', 'b', 'c', 'h')
go to b h a and c in any order
& F a & F b & F c F h
& F c & F a & F h F b
True

873/10725
Partial result: 824/873 = 0.9438717067583047
visit | 4 ('a', 'b', 'd', 'c')
go to b c a and d in any order
& F a & F b & F d F c
& F d & F a & F c & F b F a
True

874/10725
Partial result: 825/874 = 0.9439359267734554
visit | 4 ('a', 'b', 'd', 'h')
go to b h a and d in any order
& F a & F b & F d F h
& F d & F a & F h & F b F a
True

875/10725
Partial result: 826/875 = 0.944
visit | 4 ('a', 'b', 'h', 'c')
go to b c a and h in any order
& F a & F b & F h F c
& F h & F a & F c F b
True

876/10725
Partial result: 827/876 = 0.9440639269406392
visit | 4 ('a', 'b', 'h', 'd')
go to b d a and h in any order
& F a & F b & F h F d
& F h & F a & F d & F b F a
True

877/10725
Partial result: 828/877 = 0.9441277080957811
visit | 4 ('a', 'c', 'b', 'd')
go to c d a and b in any order
& F a & F c & F b F d
& F b & F a & F d & F c F a
True

878/10725
Partial result: 829/878 = 0.9441913439635535
visit | 4 ('a', 'c', 'b', 'h')
go to c h a and b in any order
& F a & F c & F b F h
& F b & F a & F h & F c F a
True

879/10725
Partial result: 830/879 = 0.944254835039818
visit | 4 ('a', 'c', 'd', 'b')
go to c b a and d in any order
& F a & F c & F d F b
& F d & F a & F b & F c F a
True

880/10725
Partial result: 831/880 = 0.9443181818181818
visit | 4 ('a', 'c', 'd', 'h')
go to c h a and d in any order
& F a & F c & F d F h
& F d & F a & F h & F c F a
True

881/10725
Partial result: 832/881 = 0.9443813847900113
visit | 4 ('a', 'c', 'h', 'b')
go to c b a and h in any order
& F a & F c & F h F b
& F h & F a & F b & F c F a
True

882/10725
Partial result: 833/882 = 0.9444444444444444
visit | 4 ('a', 'c', 'h', 'd')
go to c d a and h in any order
& F a & F c & F h F d
& F h & F a & F d & F c F a
True

883/10725
Partial result: 834/883 = 0.9445073612684032
visit | 4 ('a', 'd', 'b', 'c')
go to d c a and b in any order
& F a & F d & F b F c
& F b & F a & F c F d
True

884/10725
Partial result: 835/884 = 0.9445701357466063
visit | 4 ('a', 'd', 'b', 'h')
go to d h a and b in any order
& F a & F d & F b F h
& F b & F a & F h F d
True

885/10725
Partial result: 836/885 = 0.9446327683615819
visit | 4 ('a', 'd', 'c', 'b')
go to d b a and c in any order
& F a & F d & F c F b
& F c & F a & F b & F d F a
True

886/10725
Partial result: 837/886 = 0.9446952595936795
visit | 4 ('a', 'd', 'c', 'h')
go to d h a and c in any order
& F a & F d & F c F h
& F c & F a & F h F d
True

887/10725
Partial result: 838/887 = 0.9447576099210823
visit | 4 ('a', 'd', 'h', 'b')
go to d b a and h in any order
& F a & F d & F h F b
& F h & F a & F b & F d F a
True

888/10725
Partial result: 839/888 = 0.9448198198198198
visit | 4 ('a', 'd', 'h', 'c')
go to d c a and h in any order
& F a & F d & F h F c
& F h & F a & F c F d
True

889/10725
Partial result: 840/889 = 0.9448818897637795
visit | 4 ('a', 'h', 'b', 'c')
go to h c a and b in any order
& F a & F h & F b F c
& F b & F a & F c F h
True

890/10725
Partial result: 841/890 = 0.9449438202247191
visit | 4 ('a', 'h', 'b', 'd')
go to h d a and b in any order
& F a & F h & F b F d
& F b & F a & F d & F h F a
True

891/10725
Partial result: 842/891 = 0.9450056116722784
visit | 4 ('a', 'h', 'c', 'b')
go to h b a and c in any order
& F a & F h & F c F b
& F c & F a & F b & F h F a
True

892/10725
Partial result: 843/892 = 0.945067264573991
visit | 4 ('a', 'h', 'c', 'd')
go to h d a and c in any order
& F a & F h & F c F d
& F c & F a & F d & F h F a
True

893/10725
Partial result: 844/893 = 0.9451287793952967
visit | 4 ('a', 'h', 'd', 'b')
go to h b a and d in any order
& F a & F h & F d F b
& F d & F a & F b & F h F a
True

894/10725
Partial result: 845/894 = 0.9451901565995525
visit | 4 ('a', 'h', 'd', 'c')
go to h c a and d in any order
& F a & F h & F d F c
& F d & F a & F c & F h F a
True

895/10725
Partial result: 846/895 = 0.9452513966480447
visit | 4 ('b', 'a', 'c', 'd')
go to a d b and c in any order
& F b & F a & F c F d
& F c & F b & F d & F a F b
True

896/10725
Partial result: 847/896 = 0.9453125
visit | 4 ('b', 'a', 'c', 'h')
go to a h b and c in any order
& F b & F a & F c F h
& F c & F b & F h F a
True

897/10725
Partial result: 848/897 = 0.9453734671125975
visit | 4 ('b', 'a', 'd', 'c')
go to a c b and d in any order
& F b & F a & F d F c
& F d & F b & F c F a
True

898/10725
Partial result: 849/898 = 0.9454342984409799
visit | 4 ('b', 'a', 'd', 'h')
go to a h b and d in any order
& F b & F a & F d F h
& F d & F b & F h & F a F b
True

899/10725
Partial result: 850/899 = 0.9454949944382648
visit | 4 ('b', 'a', 'h', 'c')
go to a c b and h in any order
& F b & F a & F h F c
& F h & F b & F c F a
True

900/10725
Partial result: 851/900 = 0.9455555555555556
visit | 4 ('b', 'a', 'h', 'd')
go to a d b and h in any order
& F b & F a & F h F d
& F h & F b & F d & F a F b
True

901/10725
Partial result: 852/901 = 0.9456159822419534
visit | 4 ('b', 'c', 'a', 'd')
go to c d b and a in any order
& F b & F c & F a F d
& F a & F b & F d & F c F b
True

902/10725
Partial result: 853/902 = 0.9456762749445676
visit | 4 ('b', 'c', 'a', 'h')
go to c h b and a in any order
& F b & F c & F a F h
& F a & F b & F h & F c F b
True

903/10725
Partial result: 854/903 = 0.9457364341085271
visit | 4 ('b', 'c', 'd', 'a')
go to c a b and d in any order
& F b & F c & F d F a
& F d & F b & F a & F c F b
True

904/10725
Partial result: 855/904 = 0.9457964601769911
visit | 4 ('b', 'c', 'd', 'h')
go to c h b and d in any order
& F b & F c & F d F h
& F d & F b & F h & F c F b
True

905/10725
Partial result: 856/905 = 0.9458563535911603
visit | 4 ('b', 'c', 'h', 'a')
go to c a b and h in any order
& F b & F c & F h F a
& F h & F b & F a & F c F b
True

906/10725
Partial result: 857/906 = 0.9459161147902869
visit | 4 ('b', 'c', 'h', 'd')
go to c d b and h in any order
& F b & F c & F h F d
& F h & F b & F d & F c F b
True

907/10725
Partial result: 858/907 = 0.9459757442116868
visit | 4 ('b', 'd', 'a', 'c')
go to d c b and a in any order
& F b & F d & F a F c
& F a & F b & F c F d
True

908/10725
Partial result: 859/908 = 0.9460352422907489
visit | 4 ('b', 'd', 'a', 'h')
go to d h b and a in any order
& F b & F d & F a F h
& F a & F b & F h F d
True

909/10725
Partial result: 860/909 = 0.9460946094609461
visit | 4 ('b', 'd', 'c', 'a')
go to d a b and c in any order
& F b & F d & F c F a
& F c & F b & F a & F d F b
True

910/10725
Partial result: 861/910 = 0.9461538461538461
visit | 4 ('b', 'd', 'c', 'h')
go to d h b and c in any order
& F b & F d & F c F h
& F c & F b & F h F d
True

911/10725
Partial result: 862/911 = 0.9462129527991219
visit | 4 ('b', 'd', 'h', 'a')
go to d a b and h in any order
& F b & F d & F h F a
& F h & F b & F a & F d F b
True

912/10725
Partial result: 863/912 = 0.9462719298245614
visit | 4 ('b', 'd', 'h', 'c')
go to d c b and h in any order
& F b & F d & F h F c
& F h & F b & F c F d
True

913/10725
Partial result: 864/913 = 0.9463307776560789
visit | 4 ('b', 'h', 'a', 'c')
go to h c b and a in any order
& F b & F h & F a F c
& F a & F b & F c F h
True

914/10725
Partial result: 865/914 = 0.9463894967177243
visit | 4 ('b', 'h', 'a', 'd')
go to h d b and a in any order
& F b & F h & F a F d
& F a & F b & F d & F h F b
True

915/10725
Partial result: 866/915 = 0.946448087431694
visit | 4 ('b', 'h', 'c', 'a')
go to h a b and c in any order
& F b & F h & F c F a
& F c & F b & F a & F h F b
True

916/10725
Partial result: 867/916 = 0.9465065502183406
visit | 4 ('b', 'h', 'c', 'd')
go to h d b and c in any order
& F b & F h & F c F d
& F c & F b & F d & F h F b
True

917/10725
Partial result: 868/917 = 0.9465648854961832
visit | 4 ('b', 'h', 'd', 'a')
go to h a b and d in any order
& F b & F h & F d F a
& F d & F b & F a & F h F b
True

918/10725
Partial result: 869/918 = 0.9466230936819172
visit | 4 ('b', 'h', 'd', 'c')
go to h c b and d in any order
& F b & F h & F d F c
& F d & F b & F c F h
True

919/10725
Partial result: 870/919 = 0.9466811751904244
visit | 4 ('c', 'a', 'b', 'd')
go to a d c and b in any order
& F c & F a & F b F d
& F b & F c & F d F a
True

920/10725
Partial result: 871/920 = 0.9467391304347826
visit | 4 ('c', 'a', 'b', 'h')
go to a h c and b in any order
& F c & F a & F b F h
& F b & F c & F h F a
True

921/10725
Partial result: 872/921 = 0.9467969598262758
visit | 4 ('c', 'a', 'd', 'b')
go to a b c and d in any order
& F c & F a & F d F b
& F d & F c & F b & F a F c
True

922/10725
Partial result: 873/922 = 0.9468546637744034
visit | 4 ('c', 'a', 'd', 'h')
go to a h c and d in any order
& F c & F a & F d F h
& F d & F c & F h F a
True

923/10725
Partial result: 874/923 = 0.9469122426868906
visit | 4 ('c', 'a', 'h', 'b')
go to a b c and h in any order
& F c & F a & F h F b
& F h & F c & F b F a
True

924/10725
Partial result: 875/924 = 0.946969696969697
visit | 4 ('c', 'a', 'h', 'd')
go to a d c and h in any order
& F c & F a & F h F d
& F h & F c & F d F a
True

925/10725
Partial result: 876/925 = 0.947027027027027
visit | 4 ('c', 'b', 'a', 'd')
go to b d c and a in any order
& F c & F b & F a F d
& F a & F c & F d F b
True

926/10725
Partial result: 877/926 = 0.9470842332613391
visit | 4 ('c', 'b', 'a', 'h')
go to b h c and a in any order
& F c & F b & F a F h
& F a & F c & F h F b
True

927/10725
Partial result: 878/927 = 0.9471413160733549
visit | 4 ('c', 'b', 'd', 'a')
go to b a c and d in any order
& F c & F b & F d F a
& F d & F c & F a & F b F c
True

928/10725
Partial result: 879/928 = 0.947198275862069
visit | 4 ('c', 'b', 'd', 'h')
go to b h c and d in any order
& F c & F b & F d F h
& F d & F c & F h F b
True

929/10725
Partial result: 880/929 = 0.9472551130247578
visit | 4 ('c', 'b', 'h', 'a')
go to b a c and h in any order
& F c & F b & F h F a
& F h & F c & F a & F b F c
True

930/10725
Partial result: 881/930 = 0.9473118279569892
visit | 4 ('c', 'b', 'h', 'd')
go to b d c and h in any order
& F c & F b & F h F d
& F h & F c & F d F b
True

931/10725
Partial result: 882/931 = 0.9473684210526315
visit | 4 ('c', 'd', 'a', 'b')
go to d b c and a in any order
& F c & F d & F a F b
& F a & F c & F b & F d F c
True

932/10725
Partial result: 883/932 = 0.9474248927038627
visit | 4 ('c', 'd', 'a', 'h')
go to d h c and a in any order
& F c & F d & F a F h
& F a & F c & F h F d
True

933/10725
Partial result: 884/933 = 0.947481243301179
visit | 4 ('c', 'd', 'b', 'a')
go to d a c and b in any order
& F c & F d & F b F a
& F b & F c & F a & F d F c
True

934/10725
Partial result: 885/934 = 0.9475374732334048
visit | 4 ('c', 'd', 'b', 'h')
go to d h c and b in any order
& F c & F d & F b F h
& F b & F c & F h F d
True

935/10725
Partial result: 886/935 = 0.9475935828877006
visit | 4 ('c', 'd', 'h', 'a')
go to d a c and h in any order
& F c & F d & F h F a
& F h & F c & F a & F d F c
True

936/10725
Partial result: 887/936 = 0.9476495726495726
visit | 4 ('c', 'd', 'h', 'b')
go to d b c and h in any order
& F c & F d & F h F b
& F h & F c & F b F d
True

937/10725
Partial result: 888/937 = 0.9477054429028815
visit | 4 ('c', 'h', 'a', 'b')
go to h b c and a in any order
& F c & F h & F a F b
& F a & F c & F b & F h F c
True

938/10725
Partial result: 889/938 = 0.9477611940298507
visit | 4 ('c', 'h', 'a', 'd')
go to h d c and a in any order
& F c & F h & F a F d
& F a & F c & F d F h
True

939/10725
Partial result: 890/939 = 0.9478168264110756
visit | 4 ('c', 'h', 'b', 'a')
go to h a c and b in any order
& F c & F h & F b F a
& F b & F c & F a & F h F c
True

940/10725
Partial result: 891/940 = 0.9478723404255319
visit | 4 ('c', 'h', 'b', 'd')
go to h d c and b in any order
& F c & F h & F b F d
& F b & F c & F d & F h F c
True

941/10725
Partial result: 892/941 = 0.9479277364505845
visit | 4 ('c', 'h', 'd', 'a')
go to h a c and d in any order
& F c & F h & F d F a
& F d & F c & F a & F h F c
True

942/10725
Partial result: 893/942 = 0.9479830148619958
visit | 4 ('c', 'h', 'd', 'b')
go to h b c and d in any order
& F c & F h & F d F b
& F d & F c & F b & F h F c
True

943/10725
Partial result: 894/943 = 0.9480381760339343
visit | 4 ('d', 'a', 'b', 'c')
go to a c d and b in any order
& F d & F a & F b F c
& F b & F d & F c F a
True

944/10725
Partial result: 895/944 = 0.948093220338983
visit | 4 ('d', 'a', 'b', 'h')
go to a h d and b in any order
& F d & F a & F b F h
& F b & F d & F h F a
True

945/10725
Partial result: 896/945 = 0.9481481481481482
visit | 4 ('d', 'a', 'c', 'b')
go to a b d and c in any order
& F d & F a & F c F b
& F c & F d & F b & F a F d
True

946/10725
Partial result: 897/946 = 0.9482029598308668
visit | 4 ('d', 'a', 'c', 'h')
go to a h d and c in any order
& F d & F a & F c F h
& F c & F d & F h F a
True

947/10725
Partial result: 898/947 = 0.9482576557550159
visit | 4 ('d', 'a', 'h', 'b')
go to a b d and h in any order
& F d & F a & F h F b
& F h & F d & F b & F a F d
True

948/10725
Partial result: 899/948 = 0.9483122362869199
visit | 4 ('d', 'a', 'h', 'c')
go to a c d and h in any order
& F d & F a & F h F c
& F h & F d & F c F a
True

949/10725
Partial result: 900/949 = 0.9483667017913593
visit | 4 ('d', 'b', 'a', 'c')
go to b c d and a in any order
& F d & F b & F a F c
& F a & F d & F c F b
True

950/10725
Partial result: 901/950 = 0.9484210526315789
visit | 4 ('d', 'b', 'a', 'h')
go to b h d and a in any order
& F d & F b & F a F h
& F a & F d & F h F b
True

951/10725
Partial result: 902/951 = 0.9484752891692955
visit | 4 ('d', 'b', 'c', 'a')
go to b a d and c in any order
& F d & F b & F c F a
& F c & F d & F a & F b F d
True

952/10725
Partial result: 903/952 = 0.9485294117647058
visit | 4 ('d', 'b', 'c', 'h')
go to b h d and c in any order
& F d & F b & F c F h
& F c & F d & F h F b
True

953/10725
Partial result: 904/953 = 0.9485834207764953
visit | 4 ('d', 'b', 'h', 'a')
go to b a d and h in any order
& F d & F b & F h F a
& F h & F d & F a & F b F d
True

954/10725
Partial result: 905/954 = 0.9486373165618449
visit | 4 ('d', 'b', 'h', 'c')
go to b c d and h in any order
& F d & F b & F h F c
& F h & F d & F c F b
True

955/10725
Partial result: 906/955 = 0.9486910994764398
visit | 4 ('d', 'c', 'a', 'b')
go to c b d and a in any order
& F d & F c & F a F b
& F a & F d & F b & F c F d
True

956/10725
Partial result: 907/956 = 0.948744769874477
visit | 4 ('d', 'c', 'a', 'h')
go to c h d and a in any order
& F d & F c & F a F h
& F a & F d & F h F c
True

957/10725
Partial result: 908/957 = 0.9487983281086729
visit | 4 ('d', 'c', 'b', 'a')
go to c a d and b in any order
& F d & F c & F b F a
& F b & F d & F a & F c F d
True

958/10725
Partial result: 909/958 = 0.9488517745302714
visit | 4 ('d', 'c', 'b', 'h')
go to c h d and b in any order
& F d & F c & F b F h
& F b & F d & F h F c
True

959/10725
Partial result: 910/959 = 0.948905109489051
visit | 4 ('d', 'c', 'h', 'a')
go to c a d and h in any order
& F d & F c & F h F a
& F h & F d & F a & F c F d
True

960/10725
Partial result: 911/960 = 0.9489583333333333
visit | 4 ('d', 'c', 'h', 'b')
go to c b d and h in any order
& F d & F c & F h F b
& F h & F d & F b & F c F d
True

961/10725
Partial result: 912/961 = 0.9490114464099896
visit | 4 ('d', 'h', 'a', 'b')
go to h b d and a in any order
& F d & F h & F a F b
& F a & F d & F b & F h F d
True

962/10725
Partial result: 913/962 = 0.9490644490644491
visit | 4 ('d', 'h', 'a', 'c')
go to h c d and a in any order
& F d & F h & F a F c
& F a & F d & F c F h
True

963/10725
Partial result: 914/963 = 0.9491173416407062
visit | 4 ('d', 'h', 'b', 'a')
go to h a d and b in any order
& F d & F h & F b F a
& F b & F d & F a & F h F d
True

964/10725
Partial result: 915/964 = 0.9491701244813278
visit | 4 ('d', 'h', 'b', 'c')
go to h c d and b in any order
& F d & F h & F b F c
& F b & F d & F c F h
True

965/10725
Partial result: 916/965 = 0.9492227979274611
visit | 4 ('d', 'h', 'c', 'a')
go to h a d and c in any order
& F d & F h & F c F a
& F c & F d & F a & F h F d
True

966/10725
Partial result: 917/966 = 0.9492753623188406
visit | 4 ('d', 'h', 'c', 'b')
go to h b d and c in any order
& F d & F h & F c F b
& F c & F d & F b & F h F d
True

967/10725
Partial result: 918/967 = 0.9493278179937953
visit | 4 ('h', 'a', 'b', 'c')
go to a c h and b in any order
& F h & F a & F b F c
& F b & F h & F c F a
True

968/10725
Partial result: 919/968 = 0.9493801652892562
visit | 4 ('h', 'a', 'b', 'd')
go to a d h and b in any order
& F h & F a & F b F d
& F b & F h & F d & F a F h
True

969/10725
Partial result: 920/969 = 0.9494324045407637
visit | 4 ('h', 'a', 'c', 'b')
go to a b h and c in any order
& F h & F a & F c F b
& F c & F h & F b & F a F h
True

970/10725
Partial result: 921/970 = 0.9494845360824742
visit | 4 ('h', 'a', 'c', 'd')
go to a d h and c in any order
& F h & F a & F c F d
& F c & F h & F d F a
True

971/10725
Partial result: 922/971 = 0.9495365602471678
visit | 4 ('h', 'a', 'd', 'b')
go to a b h and d in any order
& F h & F a & F d F b
& F d & F h & F b & F a F h
True

972/10725
Partial result: 923/972 = 0.9495884773662552
visit | 4 ('h', 'a', 'd', 'c')
go to a c h and d in any order
& F h & F a & F d F c
& F d & F h & F c F a
True

973/10725
Partial result: 924/973 = 0.9496402877697842
visit | 4 ('h', 'b', 'a', 'c')
go to b c h and a in any order
& F h & F b & F a F c
& F a & F h & F c F b
True

974/10725
Partial result: 925/974 = 0.9496919917864476
visit | 4 ('h', 'b', 'a', 'd')
go to b d h and a in any order
& F h & F b & F a F d
& F a & F h & F d F b
True

975/10725
Partial result: 926/975 = 0.9497435897435897
visit | 4 ('h', 'b', 'c', 'a')
go to b a h and c in any order
& F h & F b & F c F a
& F c & F h & F a & F b F h
True

976/10725
Partial result: 927/976 = 0.9497950819672131
visit | 4 ('h', 'b', 'c', 'd')
go to b d h and c in any order
& F h & F b & F c F d
& F c & F h & F d F b
True

977/10725
Partial result: 928/977 = 0.9498464687819856
visit | 4 ('h', 'b', 'd', 'a')
go to b a h and d in any order
& F h & F b & F d F a
& F d & F h & F a & F b F h
True

978/10725
Partial result: 929/978 = 0.9498977505112475
visit | 4 ('h', 'b', 'd', 'c')
go to b c h and d in any order
& F h & F b & F d F c
& F d & F h & F c F b
True

979/10725
Partial result: 930/979 = 0.9499489274770173
visit | 4 ('h', 'c', 'a', 'b')
go to c b h and a in any order
& F h & F c & F a F b
& F a & F h & F b & F c F h
True

980/10725
Partial result: 931/980 = 0.95
visit | 4 ('h', 'c', 'a', 'd')
go to c d h and a in any order
& F h & F c & F a F d
& F a & F h & F d F c
True

981/10725
Partial result: 932/981 = 0.9500509683995922
visit | 4 ('h', 'c', 'b', 'a')
go to c a h and b in any order
& F h & F c & F b F a
& F b & F h & F a & F c F h
True

982/10725
Partial result: 933/982 = 0.9501018329938901
visit | 4 ('h', 'c', 'b', 'd')
go to c d h and b in any order
& F h & F c & F b F d
& F b & F h & F d & F c F h
True

983/10725
Partial result: 934/983 = 0.9501525940996948
visit | 4 ('h', 'c', 'd', 'a')
go to c a h and d in any order
& F h & F c & F d F a
& F d & F h & F a & F c F c
True

984/10725
Partial result: 935/984 = 0.9502032520325203
visit | 4 ('h', 'c', 'd', 'b')
go to c b h and d in any order
& F h & F c & F d F b
& F d & F h & F b & F c F h
True

985/10725
Partial result: 936/985 = 0.950253807106599
visit | 4 ('h', 'd', 'a', 'b')
go to d b h and a in any order
& F h & F d & F a F b
& F a & F h & F b & F d F h
True

986/10725
Partial result: 937/986 = 0.9503042596348884
visit | 4 ('h', 'd', 'a', 'c')
go to d c h and a in any order
& F h & F d & F a F c
& F a & F h & F c F d
True

987/10725
Partial result: 938/987 = 0.950354609929078
visit | 4 ('h', 'd', 'b', 'a')
go to d a h and b in any order
& F h & F d & F b F a
& F b & F h & F a & F d F h
True

988/10725
Partial result: 939/988 = 0.9504048582995951
visit | 4 ('h', 'd', 'b', 'c')
go to d c h and b in any order
& F h & F d & F b F c
& F b & F h & F c F d
True

989/10725
Partial result: 940/989 = 0.9504550050556118
visit | 4 ('h', 'd', 'c', 'a')
go to d a h and c in any order
& F h & F d & F c F a
& F c & F h & F a & F d F h
True

990/10725
Partial result: 941/990 = 0.9505050505050505
visit | 4 ('h', 'd', 'c', 'b')
go to d b h and c in any order
& F h & F d & F c F b
& F c & F h & F b & F d F h
True

991/10725
Partial result: 942/991 = 0.9505549949545913
visit | 4 ('a', 'b', 'c', 'd')
reach all the following locations a b c and d
& F a & F b & F c F d
& F a & F b & F c F d
True

992/10725
Partial result: 943/992 = 0.9506048387096774
visit | 4 ('a', 'b', 'c', 'h')
reach all the following locations a b c and h
& F a & F b & F c F h
& F a & F b & F c F h
True

993/10725
Partial result: 944/993 = 0.9506545820745217
visit | 4 ('a', 'b', 'd', 'c')
reach all the following locations a b d and c
& F a & F b & F d F c
& F a & F b & F d F c
True

994/10725
Partial result: 945/994 = 0.9507042253521126
visit | 4 ('a', 'b', 'd', 'h')
reach all the following locations a b d and h
& F a & F b & F d F h
& F a & F b & F d F h
True

995/10725
Partial result: 946/995 = 0.9507537688442211
visit | 4 ('a', 'b', 'h', 'c')
reach all the following locations a b h and c
& F a & F b & F h F c
& F a & F b & F h F c
True

996/10725
Partial result: 947/996 = 0.9508032128514057
visit | 4 ('a', 'b', 'h', 'd')
reach all the following locations a b h and d
& F a & F b & F h F d
& F a & F b & F h F d
True

997/10725
Partial result: 948/997 = 0.950852557673019
visit | 4 ('a', 'c', 'b', 'd')
reach all the following locations a c b and d
& F a & F c & F b F d
& F a & F c & F b F d
True

998/10725
Partial result: 949/998 = 0.9509018036072144
visit | 4 ('a', 'c', 'b', 'h')
reach all the following locations a c b and h
& F a & F c & F b F h
& F a & F c & F b F h
True

999/10725
Partial result: 950/999 = 0.950950950950951
visit | 4 ('a', 'c', 'd', 'b')
reach all the following locations a c d and b
& F a & F c & F d F b
& F a & F c & F d F b
True

1000/10725
Partial result: 951/1000 = 0.951
visit | 4 ('a', 'c', 'd', 'h')
reach all the following locations a c d and h
& F a & F c & F d F h
& F a & F c & F d F h
True

1001/10725
Partial result: 952/1001 = 0.951048951048951
visit | 4 ('a', 'c', 'h', 'b')
reach all the following locations a c h and b
& F a & F c & F h F b
& F a & F c & F h F b
True

1002/10725
Partial result: 953/1002 = 0.9510978043912176
visit | 4 ('a', 'c', 'h', 'd')
reach all the following locations a c h and d
& F a & F c & F h F d
& F a & F c & F h F d
True

1003/10725
Partial result: 954/1003 = 0.9511465603190429
visit | 4 ('a', 'd', 'b', 'c')
reach all the following locations a d b and c
& F a & F d & F b F c
& F a & F d & F b F c
True

1004/10725
Partial result: 955/1004 = 0.951195219123506
visit | 4 ('a', 'd', 'b', 'h')
reach all the following locations a d b and h
& F a & F d & F b F h
& F a & F d & F b F h
True

1005/10725
Partial result: 956/1005 = 0.9512437810945273
visit | 4 ('a', 'd', 'c', 'b')
reach all the following locations a d c and b
& F a & F d & F c F b
& F a & F d & F c F b
True

1006/10725
Partial result: 957/1006 = 0.9512922465208747
visit | 4 ('a', 'd', 'c', 'h')
reach all the following locations a d c and h
& F a & F d & F c F h
& F a & F d & F c F h
True

1007/10725
Partial result: 958/1007 = 0.9513406156901688
visit | 4 ('a', 'd', 'h', 'b')
reach all the following locations a d h and b
& F a & F d & F h F b
& F a & F d & F h F b
True

1008/10725
Partial result: 959/1008 = 0.9513888888888888
visit | 4 ('a', 'd', 'h', 'c')
reach all the following locations a d h and c
& F a & F d & F h F c
& F a & F d & F h F c
True

1009/10725
Partial result: 960/1009 = 0.9514370664023786
visit | 4 ('a', 'h', 'b', 'c')
reach all the following locations a h b and c
& F a & F h & F b F c
& F a & F h & F b F c
True

1010/10725
Partial result: 961/1010 = 0.9514851485148514
visit | 4 ('a', 'h', 'b', 'd')
reach all the following locations a h b and d
& F a & F h & F b F d
& F a & F h & F b F d
True

1011/10725
Partial result: 962/1011 = 0.9515331355093967
visit | 4 ('a', 'h', 'c', 'b')
reach all the following locations a h c and b
& F a & F h & F c F b
& F a & F h & F c F b
True

1012/10725
Partial result: 963/1012 = 0.9515810276679841
visit | 4 ('a', 'h', 'c', 'd')
reach all the following locations a h c and d
& F a & F h & F c F d
& F a & F h & F c F d
True

1013/10725
Partial result: 964/1013 = 0.9516288252714709
visit | 4 ('a', 'h', 'd', 'b')
reach all the following locations a h d and b
& F a & F h & F d F b
& F a & F h & F d F b
True

1014/10725
Partial result: 965/1014 = 0.9516765285996055
visit | 4 ('a', 'h', 'd', 'c')
reach all the following locations a h d and c
& F a & F h & F d F c
& F a & F h & F d F c
True

1015/10725
Partial result: 966/1015 = 0.9517241379310345
visit | 4 ('b', 'a', 'c', 'd')
reach all the following locations b a c and d
& F b & F a & F c F d
& F b & F a & F c F d
True

1016/10725
Partial result: 967/1016 = 0.9517716535433071
visit | 4 ('b', 'a', 'c', 'h')
reach all the following locations b a c and h
& F b & F a & F c F h
& F b & F a & F c F h
True

1017/10725
Partial result: 968/1017 = 0.951819075712881
visit | 4 ('b', 'a', 'd', 'c')
reach all the following locations b a d and c
& F b & F a & F d F c
& F b & F a & F d F c
True

1018/10725
Partial result: 969/1018 = 0.9518664047151277
visit | 4 ('b', 'a', 'd', 'h')
reach all the following locations b a d and h
& F b & F a & F d F h
& F b & F a & F d F h
True

1019/10725
Partial result: 970/1019 = 0.9519136408243376
visit | 4 ('b', 'a', 'h', 'c')
reach all the following locations b a h and c
& F b & F a & F h F c
& F b & F a & F h F c
True

1020/10725
Partial result: 971/1020 = 0.9519607843137254
visit | 4 ('b', 'a', 'h', 'd')
reach all the following locations b a h and d
& F b & F a & F h F d
& F b & F a & F h F d
True

1021/10725
Partial result: 972/1021 = 0.9520078354554359
visit | 4 ('b', 'c', 'a', 'd')
reach all the following locations b c a and d
& F b & F c & F a F d
& F b & F c & F a F d
True

1022/10725
Partial result: 973/1022 = 0.952054794520548
visit | 4 ('b', 'c', 'a', 'h')
reach all the following locations b c a and h
& F b & F c & F a F h
& F b & F c & F a F h
True

1023/10725
Partial result: 974/1023 = 0.9521016617790812
visit | 4 ('b', 'c', 'd', 'a')
reach all the following locations b c d and a
& F b & F c & F d F a
& F b & F c & F d F a
True

1024/10725
Partial result: 975/1024 = 0.9521484375
visit | 4 ('b', 'c', 'd', 'h')
reach all the following locations b c d and h
& F b & F c & F d F h
& F b & F c & F d F h
True

1025/10725
Partial result: 976/1025 = 0.9521951219512195
visit | 4 ('b', 'c', 'h', 'a')
reach all the following locations b c h and a
& F b & F c & F h F a
& F b & F c & F h F a
True

1026/10725
Partial result: 977/1026 = 0.9522417153996101
visit | 4 ('b', 'c', 'h', 'd')
reach all the following locations b c h and d
& F b & F c & F h F d
& F b & F c & F h F d
True

1027/10725
Partial result: 978/1027 = 0.952288218111003
visit | 4 ('b', 'd', 'a', 'c')
reach all the following locations b d a and c
& F b & F d & F a F c
& F b & F d & F a F c
True

1028/10725
Partial result: 979/1028 = 0.9523346303501945
visit | 4 ('b', 'd', 'a', 'h')
reach all the following locations b d a and h
& F b & F d & F a F h
& F b & F d & F a F h
True

1029/10725
Partial result: 980/1029 = 0.9523809523809523
visit | 4 ('b', 'd', 'c', 'a')
reach all the following locations b d c and a
& F b & F d & F c F a
& F b & F d & F c F a
True

1030/10725
Partial result: 981/1030 = 0.9524271844660194
visit | 4 ('b', 'd', 'c', 'h')
reach all the following locations b d c and h
& F b & F d & F c F h
& F b & F d & F c F h
True

1031/10725
Partial result: 982/1031 = 0.9524733268671193
visit | 4 ('b', 'd', 'h', 'a')
reach all the following locations b d h and a
& F b & F d & F h F a
& F b & F d & F h F a
True

1032/10725
Partial result: 983/1032 = 0.9525193798449613
visit | 4 ('b', 'd', 'h', 'c')
reach all the following locations b d h and c
& F b & F d & F h F c
& F b & F d & F h F c
True

1033/10725
Partial result: 984/1033 = 0.952565343659245
visit | 4 ('b', 'h', 'a', 'c')
reach all the following locations b h a and c
& F b & F h & F a F c
& F b & F h & F a F c
True

1034/10725
Partial result: 985/1034 = 0.9526112185686654
visit | 4 ('b', 'h', 'a', 'd')
reach all the following locations b h a and d
& F b & F h & F a F d
& F b & F h & F a F d
True

1035/10725
Partial result: 986/1035 = 0.9526570048309179
visit | 4 ('b', 'h', 'c', 'a')
reach all the following locations b h c and a
& F b & F h & F c F a
& F b & F h & F c F a
True

1036/10725
Partial result: 987/1036 = 0.9527027027027027
visit | 4 ('b', 'h', 'c', 'd')
reach all the following locations b h c and d
& F b & F h & F c F d
& F b & F h & F c F d
True

1037/10725
Partial result: 988/1037 = 0.95274831243973
visit | 4 ('b', 'h', 'd', 'a')
reach all the following locations b h d and a
& F b & F h & F d F a
& F b & F h & F d F a
True

1038/10725
Partial result: 989/1038 = 0.9527938342967245
visit | 4 ('b', 'h', 'd', 'c')
reach all the following locations b h d and c
& F b & F h & F d F c
& F b & F h & F d F c
True

1039/10725
Partial result: 990/1039 = 0.9528392685274302
visit | 4 ('c', 'a', 'b', 'd')
reach all the following locations c a b and d
& F c & F a & F b F d
& F c & F a & F b F d
True

1040/10725
Partial result: 991/1040 = 0.9528846153846153
visit | 4 ('c', 'a', 'b', 'h')
reach all the following locations c a b and h
& F c & F a & F b F h
& F c & F a & F b F h
True

1041/10725
Partial result: 992/1041 = 0.9529298751200769
visit | 4 ('c', 'a', 'd', 'b')
reach all the following locations c a d and b
& F c & F a & F d F b
& F c & F a & F d F b
True

1042/10725
Partial result: 993/1042 = 0.9529750479846449
visit | 4 ('c', 'a', 'd', 'h')
reach all the following locations c a d and h
& F c & F a & F d F h
& F c & F a & F d F h
True

1043/10725
Partial result: 994/1043 = 0.9530201342281879
visit | 4 ('c', 'a', 'h', 'b')
reach all the following locations c a h and b
& F c & F a & F h F b
& F c & F a & F h F b
True

1044/10725
Partial result: 995/1044 = 0.9530651340996169
visit | 4 ('c', 'a', 'h', 'd')
reach all the following locations c a h and d
& F c & F a & F h F d
& F c & F a & F h F d
True

1045/10725
Partial result: 996/1045 = 0.9531100478468899
visit | 4 ('c', 'b', 'a', 'd')
reach all the following locations c b a and d
& F c & F b & F a F d
& F c & F b & F a F d
True

1046/10725
Partial result: 997/1046 = 0.9531548757170172
visit | 4 ('c', 'b', 'a', 'h')
reach all the following locations c b a and h
& F c & F b & F a F h
& F c & F b & F a F h
True

1047/10725
Partial result: 998/1047 = 0.9531996179560649
visit | 4 ('c', 'b', 'd', 'a')
reach all the following locations c b d and a
& F c & F b & F d F a
& F c & F b & F d F a
True

1048/10725
Partial result: 999/1048 = 0.9532442748091603
visit | 4 ('c', 'b', 'd', 'h')
reach all the following locations c b d and h
& F c & F b & F d F h
& F c & F b & F d F h
True

1049/10725
Partial result: 1000/1049 = 0.9532888465204957
visit | 4 ('c', 'b', 'h', 'a')
reach all the following locations c b h and a
& F c & F b & F h F a
& F c & F b & F h F a
True

1050/10725
Partial result: 1001/1050 = 0.9533333333333334
visit | 4 ('c', 'b', 'h', 'd')
reach all the following locations c b h and d
& F c & F b & F h F d
& F c & F b & F h F d
True

1051/10725
Partial result: 1002/1051 = 0.9533777354900095
visit | 4 ('c', 'd', 'a', 'b')
reach all the following locations c d a and b
& F c & F d & F a F b
& F c & F d & F a F b
True

1052/10725
Partial result: 1003/1052 = 0.9534220532319392
visit | 4 ('c', 'd', 'a', 'h')
reach all the following locations c d a and h
& F c & F d & F a F h
& F c & F d & F a F h
True

1053/10725
Partial result: 1004/1053 = 0.9534662867996201
visit | 4 ('c', 'd', 'b', 'a')
reach all the following locations c d b and a
& F c & F d & F b F a
& F c & F d & F b F a
True

1054/10725
Partial result: 1005/1054 = 0.9535104364326376
visit | 4 ('c', 'd', 'b', 'h')
reach all the following locations c d b and h
& F c & F d & F b F h
& F c & F d & F b F h
True

1055/10725
Partial result: 1006/1055 = 0.9535545023696682
visit | 4 ('c', 'd', 'h', 'a')
reach all the following locations c d h and a
& F c & F d & F h F a
& F c & F d & F h F a
True

1056/10725
Partial result: 1007/1056 = 0.9535984848484849
visit | 4 ('c', 'd', 'h', 'b')
reach all the following locations c d h and b
& F c & F d & F h F b
& F c & F d & F h F b
True

1057/10725
Partial result: 1008/1057 = 0.9536423841059603
visit | 4 ('c', 'h', 'a', 'b')
reach all the following locations c h a and b
& F c & F h & F a F b
& F c & F h & F a F b
True

1058/10725
Partial result: 1009/1058 = 0.9536862003780718
visit | 4 ('c', 'h', 'a', 'd')
reach all the following locations c h a and d
& F c & F h & F a F d
& F c & F h & F a F d
True

1059/10725
Partial result: 1010/1059 = 0.9537299338999056
visit | 4 ('c', 'h', 'b', 'a')
reach all the following locations c h b and a
& F c & F h & F b F a
& F c & F h & F b F a
True

1060/10725
Partial result: 1011/1060 = 0.9537735849056603
visit | 4 ('c', 'h', 'b', 'd')
reach all the following locations c h b and d
& F c & F h & F b F d
& F c & F h & F b F d
True

1061/10725
Partial result: 1012/1061 = 0.9538171536286523
visit | 4 ('c', 'h', 'd', 'a')
reach all the following locations c h d and a
& F c & F h & F d F a
& F c & F h & F d F a
True

1062/10725
Partial result: 1013/1062 = 0.9538606403013182
visit | 4 ('c', 'h', 'd', 'b')
reach all the following locations c h d and b
& F c & F h & F d F b
& F c & F h & F d F b
True

1063/10725
Partial result: 1014/1063 = 0.9539040451552211
visit | 4 ('d', 'a', 'b', 'c')
reach all the following locations d a b and c
& F d & F a & F b F c
& F d & F a & F b F c
True

1064/10725
Partial result: 1015/1064 = 0.9539473684210527
visit | 4 ('d', 'a', 'b', 'h')
reach all the following locations d a b and h
& F d & F a & F b F h
& F d & F a & F b F h
True

1065/10725
Partial result: 1016/1065 = 0.9539906103286385
visit | 4 ('d', 'a', 'c', 'b')
reach all the following locations d a c and b
& F d & F a & F c F b
& F d & F a & F c F b
True

1066/10725
Partial result: 1017/1066 = 0.9540337711069419
visit | 4 ('d', 'a', 'c', 'h')
reach all the following locations d a c and h
& F d & F a & F c F h
& F d & F a & F c F h
True

1067/10725
Partial result: 1018/1067 = 0.9540768509840675
visit | 4 ('d', 'a', 'h', 'b')
reach all the following locations d a h and b
& F d & F a & F h F b
& F d & F a & F h F b
True

1068/10725
Partial result: 1019/1068 = 0.954119850187266
visit | 4 ('d', 'a', 'h', 'c')
reach all the following locations d a h and c
& F d & F a & F h F c
& F d & F a & F h F c
True

1069/10725
Partial result: 1020/1069 = 0.9541627689429373
visit | 4 ('d', 'b', 'a', 'c')
reach all the following locations d b a and c
& F d & F b & F a F c
& F d & F b & F a F c
True

1070/10725
Partial result: 1021/1070 = 0.9542056074766355
visit | 4 ('d', 'b', 'a', 'h')
reach all the following locations d b a and h
& F d & F b & F a F h
& F d & F b & F a F h
True

1071/10725
Partial result: 1022/1071 = 0.954248366013072
visit | 4 ('d', 'b', 'c', 'a')
reach all the following locations d b c and a
& F d & F b & F c F a
& F d & F b & F c F a
True

1072/10725
Partial result: 1023/1072 = 0.9542910447761194
visit | 4 ('d', 'b', 'c', 'h')
reach all the following locations d b c and h
& F d & F b & F c F h
& F d & F b & F c F h
True

1073/10725
Partial result: 1024/1073 = 0.9543336439888164
visit | 4 ('d', 'b', 'h', 'a')
reach all the following locations d b h and a
& F d & F b & F h F a
& F d & F b & F h F a
True

1074/10725
Partial result: 1025/1074 = 0.9543761638733705
visit | 4 ('d', 'b', 'h', 'c')
reach all the following locations d b h and c
& F d & F b & F h F c
& F d & F b & F h F c
True

1075/10725
Partial result: 1026/1075 = 0.9544186046511628
visit | 4 ('d', 'c', 'a', 'b')
reach all the following locations d c a and b
& F d & F c & F a F b
& F d & F c & F a F b
True

1076/10725
Partial result: 1027/1076 = 0.9544609665427509
visit | 4 ('d', 'c', 'a', 'h')
reach all the following locations d c a and h
& F d & F c & F a F h
& F d & F c & F a F h
True

1077/10725
Partial result: 1028/1077 = 0.9545032497678737
visit | 4 ('d', 'c', 'b', 'a')
reach all the following locations d c b and a
& F d & F c & F b F a
& F d & F c & F b F a
True

1078/10725
Partial result: 1029/1078 = 0.9545454545454546
visit | 4 ('d', 'c', 'b', 'h')
reach all the following locations d c b and h
& F d & F c & F b F h
& F d & F c & F b F h
True

1079/10725
Partial result: 1030/1079 = 0.9545875810936052
visit | 4 ('d', 'c', 'h', 'a')
reach all the following locations d c h and a
& F d & F c & F h F a
& F d & F c & F h F a
True

1080/10725
Partial result: 1031/1080 = 0.9546296296296296
visit | 4 ('d', 'c', 'h', 'b')
reach all the following locations d c h and b
& F d & F c & F h F b
& F d & F c & F h F b
True

1081/10725
Partial result: 1032/1081 = 0.9546716003700277
visit | 4 ('d', 'h', 'a', 'b')
reach all the following locations d h a and b
& F d & F h & F a F b
& F d & F h & F a F b
True

1082/10725
Partial result: 1033/1082 = 0.9547134935304991
visit | 4 ('d', 'h', 'a', 'c')
reach all the following locations d h a and c
& F d & F h & F a F c
& F d & F h & F a F c
True

1083/10725
Partial result: 1034/1083 = 0.9547553093259464
visit | 4 ('d', 'h', 'b', 'a')
reach all the following locations d h b and a
& F d & F h & F b F a
& F d & F h & F b F a
True

1084/10725
Partial result: 1035/1084 = 0.9547970479704797
visit | 4 ('d', 'h', 'b', 'c')
reach all the following locations d h b and c
& F d & F h & F b F c
& F d & F h & F b F c
True

1085/10725
Partial result: 1036/1085 = 0.9548387096774194
visit | 4 ('d', 'h', 'c', 'a')
reach all the following locations d h c and a
& F d & F h & F c F a
& F d & F h & F c F a
True

1086/10725
Partial result: 1037/1086 = 0.9548802946593001
visit | 4 ('d', 'h', 'c', 'b')
reach all the following locations d h c and b
& F d & F h & F c F b
& F d & F h & F c F b
True

1087/10725
Partial result: 1038/1087 = 0.9549218031278749
visit | 4 ('h', 'a', 'b', 'c')
reach all the following locations h a b and c
& F h & F a & F b F c
& F h & F a & F b F c
True

1088/10725
Partial result: 1039/1088 = 0.9549632352941176
visit | 4 ('h', 'a', 'b', 'd')
reach all the following locations h a b and d
& F h & F a & F b F d
& F h & F a & F b F d
True

1089/10725
Partial result: 1040/1089 = 0.9550045913682277
visit | 4 ('h', 'a', 'c', 'b')
reach all the following locations h a c and b
& F h & F a & F c F b
& F h & F a & F c F b
True

1090/10725
Partial result: 1041/1090 = 0.955045871559633
visit | 4 ('h', 'a', 'c', 'd')
reach all the following locations h a c and d
& F h & F a & F c F d
& F h & F a & F c F d
True

1091/10725
Partial result: 1042/1091 = 0.9550870760769936
visit | 4 ('h', 'a', 'd', 'b')
reach all the following locations h a d and b
& F h & F a & F d F b
& F h & F a & F d F b
True

1092/10725
Partial result: 1043/1092 = 0.9551282051282052
visit | 4 ('h', 'a', 'd', 'c')
reach all the following locations h a d and c
& F h & F a & F d F c
& F h & F a & F d F c
True

1093/10725
Partial result: 1044/1093 = 0.9551692589204026
visit | 4 ('h', 'b', 'a', 'c')
reach all the following locations h b a and c
& F h & F b & F a F c
& F h & F b & F a F c
True

1094/10725
Partial result: 1045/1094 = 0.9552102376599635
visit | 4 ('h', 'b', 'a', 'd')
reach all the following locations h b a and d
& F h & F b & F a F d
& F h & F b & F a F d
True

1095/10725
Partial result: 1046/1095 = 0.9552511415525115
visit | 4 ('h', 'b', 'c', 'a')
reach all the following locations h b c and a
& F h & F b & F c F a
& F h & F b & F c F a
True

1096/10725
Partial result: 1047/1096 = 0.9552919708029197
visit | 4 ('h', 'b', 'c', 'd')
reach all the following locations h b c and d
& F h & F b & F c F d
& F h & F b & F c F d
True

1097/10725
Partial result: 1048/1097 = 0.9553327256153145
visit | 4 ('h', 'b', 'd', 'a')
reach all the following locations h b d and a
& F h & F b & F d F a
& F h & F b & F d F a
True

1098/10725
Partial result: 1049/1098 = 0.9553734061930783
visit | 4 ('h', 'b', 'd', 'c')
reach all the following locations h b d and c
& F h & F b & F d F c
& F h & F b & F d F c
True

1099/10725
Partial result: 1050/1099 = 0.9554140127388535
visit | 4 ('h', 'c', 'a', 'b')
reach all the following locations h c a and b
& F h & F c & F a F b
& F h & F c & F a F b
True

1100/10725
Partial result: 1051/1100 = 0.9554545454545454
visit | 4 ('h', 'c', 'a', 'd')
reach all the following locations h c a and d
& F h & F c & F a F d
& F h & F c & F a F d
True

1101/10725
Partial result: 1052/1101 = 0.9554950045413261
visit | 4 ('h', 'c', 'b', 'a')
reach all the following locations h c b and a
& F h & F c & F b F a
& F h & F c & F b F a
True

1102/10725
Partial result: 1053/1102 = 0.9555353901996371
visit | 4 ('h', 'c', 'b', 'd')
reach all the following locations h c b and d
& F h & F c & F b F d
& F h & F c & F b F d
True

1103/10725
Partial result: 1054/1103 = 0.9555757026291931
visit | 4 ('h', 'c', 'd', 'a')
reach all the following locations h c d and a
& F h & F c & F d F a
& F h & F c & F d F a
True

1104/10725
Partial result: 1055/1104 = 0.9556159420289855
visit | 4 ('h', 'c', 'd', 'b')
reach all the following locations h c d and b
& F h & F c & F d F b
& F h & F c & F d F b
True

1105/10725
Partial result: 1056/1105 = 0.9556561085972851
visit | 4 ('h', 'd', 'a', 'b')
reach all the following locations h d a and b
& F h & F d & F a F b
& F h & F d & F a F b
True

1106/10725
Partial result: 1057/1106 = 0.9556962025316456
visit | 4 ('h', 'd', 'a', 'c')
reach all the following locations h d a and c
& F h & F d & F a F c
& F h & F d & F a F c
True

1107/10725
Partial result: 1058/1107 = 0.955736224028907
visit | 4 ('h', 'd', 'b', 'a')
reach all the following locations h d b and a
& F h & F d & F b F a
& F h & F d & F b F a
True

1108/10725
Partial result: 1059/1108 = 0.9557761732851986
visit | 4 ('h', 'd', 'b', 'c')
reach all the following locations h d b and c
& F h & F d & F b F c
& F h & F d & F b F c
True

1109/10725
Partial result: 1060/1109 = 0.9558160504959423
visit | 4 ('h', 'd', 'c', 'a')
reach all the following locations h d c and a
& F h & F d & F c F a
& F h & F d & F c F a
True

1110/10725
Partial result: 1061/1110 = 0.9558558558558559
visit | 4 ('h', 'd', 'c', 'b')
reach all the following locations h d c and b
& F h & F d & F c F b
& F h & F d & F c F b
True

1111/10725
Partial result: 1062/1111 = 0.9558955895589559
visit | 5 ('a', 'b', 'c', 'd', 'h')
make sure a b c d and h are all visited
& F a & F b & F c & F d F h
& F a & F b & F c & F d F h
True

1112/10725
Partial result: 1063/1112 = 0.9559352517985612
visit | 5 ('a', 'b', 'c', 'h', 'd')
make sure a b c h and d are all visited
& F a & F b & F c & F h F d
& F a & F b & F c & F h F d
True

1113/10725
Partial result: 1064/1113 = 0.9559748427672956
visit | 5 ('a', 'b', 'd', 'c', 'h')
make sure a b d c and h are all visited
& F a & F b & F d & F c F h
& F a & F b & F d & F c F h
True

1114/10725
Partial result: 1065/1114 = 0.9560143626570916
visit | 5 ('a', 'b', 'd', 'h', 'c')
make sure a b d h and c are all visited
& F a & F b & F d & F h F c
& F a & F b & F d & F h F c
True

1115/10725
Partial result: 1066/1115 = 0.9560538116591928
visit | 5 ('a', 'b', 'h', 'c', 'd')
make sure a b h c and d are all visited
& F a & F b & F h & F c F d
& F a & F b & F h & F c F d
True

1116/10725
Partial result: 1067/1116 = 0.9560931899641577
visit | 5 ('a', 'b', 'h', 'd', 'c')
make sure a b h d and c are all visited
& F a & F b & F h & F d F c
& F a & F b & F h & F d F c
True

1117/10725
Partial result: 1068/1117 = 0.9561324977618622
visit | 5 ('a', 'c', 'b', 'd', 'h')
make sure a c b d and h are all visited
& F a & F c & F b & F d F h
& F a & F c & F b & F d F h
True

1118/10725
Partial result: 1069/1118 = 0.9561717352415027
visit | 5 ('a', 'c', 'b', 'h', 'd')
make sure a c b h and d are all visited
& F a & F c & F b & F h F d
& F a & F c & F b & F h F d
True

1119/10725
Partial result: 1070/1119 = 0.9562109025915997
visit | 5 ('a', 'c', 'd', 'b', 'h')
make sure a c d b and h are all visited
& F a & F c & F d & F b F h
& F a & F c & F d & F b F h
True

1120/10725
Partial result: 1071/1120 = 0.95625
visit | 5 ('a', 'c', 'd', 'h', 'b')
make sure a c d h and b are all visited
& F a & F c & F d & F h F b
& F a & F c & F d & F h F b
True

1121/10725
Partial result: 1072/1121 = 0.9562890276538805
visit | 5 ('a', 'c', 'h', 'b', 'd')
make sure a c h b and d are all visited
& F a & F c & F h & F b F d
& F a & F c & F h & F b F d
True

1122/10725
Partial result: 1073/1122 = 0.9563279857397504
visit | 5 ('a', 'c', 'h', 'd', 'b')
make sure a c h d and b are all visited
& F a & F c & F h & F d F b
& F a & F c & F h & F d F b
True

1123/10725
Partial result: 1074/1123 = 0.956366874443455
visit | 5 ('a', 'd', 'b', 'c', 'h')
make sure a d b c and h are all visited
& F a & F d & F b & F c F h
& F a & F d & F b & F c F h
True

1124/10725
Partial result: 1075/1124 = 0.9564056939501779
visit | 5 ('a', 'd', 'b', 'h', 'c')
make sure a d b h and c are all visited
& F a & F d & F b & F h F c
& F a & F d & F b & F h F c
True

1125/10725
Partial result: 1076/1125 = 0.9564444444444444
visit | 5 ('a', 'd', 'c', 'b', 'h')
make sure a d c b and h are all visited
& F a & F d & F c & F b F h
& F a & F d & F c & F b F h
True

1126/10725
Partial result: 1077/1126 = 0.9564831261101243
visit | 5 ('a', 'd', 'c', 'h', 'b')
make sure a d c h and b are all visited
& F a & F d & F c & F h F b
& F a & F d & F c & F h F b
True

1127/10725
Partial result: 1078/1127 = 0.9565217391304348
visit | 5 ('a', 'd', 'h', 'b', 'c')
make sure a d h b and c are all visited
& F a & F d & F h & F b F c
& F a & F d & F h & F b F c
True

1128/10725
Partial result: 1079/1128 = 0.9565602836879432
visit | 5 ('a', 'd', 'h', 'c', 'b')
make sure a d h c and b are all visited
& F a & F d & F h & F c F b
& F a & F d & F h & F c F b
True

1129/10725
Partial result: 1080/1129 = 0.9565987599645704
visit | 5 ('a', 'h', 'b', 'c', 'd')
make sure a h b c and d are all visited
& F a & F h & F b & F c F d
& F a & F h & F b & F c F d
True

1130/10725
Partial result: 1081/1130 = 0.9566371681415929
visit | 5 ('a', 'h', 'b', 'd', 'c')
make sure a h b d and c are all visited
& F a & F h & F b & F d F c
& F a & F h & F b & F d F c
True

1131/10725
Partial result: 1082/1131 = 0.9566755083996463
visit | 5 ('a', 'h', 'c', 'b', 'd')
make sure a h c b and d are all visited
& F a & F h & F c & F b F d
& F a & F h & F c & F b F d
True

1132/10725
Partial result: 1083/1132 = 0.9567137809187279
visit | 5 ('a', 'h', 'c', 'd', 'b')
make sure a h c d and b are all visited
& F a & F h & F c & F d F b
& F a & F h & F c & F d F b
True

1133/10725
Partial result: 1084/1133 = 0.9567519858781994
visit | 5 ('a', 'h', 'd', 'b', 'c')
make sure a h d b and c are all visited
& F a & F h & F d & F b F c
& F a & F h & F d & F b F c
True

1134/10725
Partial result: 1085/1134 = 0.9567901234567902
visit | 5 ('a', 'h', 'd', 'c', 'b')
make sure a h d c and b are all visited
& F a & F h & F d & F c F b
& F a & F h & F d & F c F b
True

1135/10725
Partial result: 1086/1135 = 0.9568281938325991
visit | 5 ('b', 'a', 'c', 'd', 'h')
make sure b a c d and h are all visited
& F b & F a & F c & F d F h
& F b & F a & F c & F d F h
True

1136/10725
Partial result: 1087/1136 = 0.9568661971830986
visit | 5 ('b', 'a', 'c', 'h', 'd')
make sure b a c h and d are all visited
& F b & F a & F c & F h F d
& F b & F a & F c & F h F d
True

1137/10725
Partial result: 1088/1137 = 0.9569041336851363
visit | 5 ('b', 'a', 'd', 'c', 'h')
make sure b a d c and h are all visited
& F b & F a & F d & F c F h
& F b & F a & F d & F c F h
True

1138/10725
Partial result: 1089/1138 = 0.9569420035149385
visit | 5 ('b', 'a', 'd', 'h', 'c')
make sure b a d h and c are all visited
& F b & F a & F d & F h F c
& F b & F a & F d & F h F c
True

1139/10725
Partial result: 1090/1139 = 0.9569798068481123
visit | 5 ('b', 'a', 'h', 'c', 'd')
make sure b a h c and d are all visited
& F b & F a & F h & F c F d
& F b & F a & F h & F c F d
True

1140/10725
Partial result: 1091/1140 = 0.9570175438596491
visit | 5 ('b', 'a', 'h', 'd', 'c')
make sure b a h d and c are all visited
& F b & F a & F h & F d F c
& F b & F a & F h & F d F c
True

1141/10725
Partial result: 1092/1141 = 0.9570552147239264
visit | 5 ('b', 'c', 'a', 'd', 'h')
make sure b c a d and h are all visited
& F b & F c & F a & F d F h
& F b & F c & F a & F d F h
True

1142/10725
Partial result: 1093/1142 = 0.957092819614711
visit | 5 ('b', 'c', 'a', 'h', 'd')
make sure b c a h and d are all visited
& F b & F c & F a & F h F d
& F b & F c & F a & F h F d
True

1143/10725
Partial result: 1094/1143 = 0.9571303587051618
visit | 5 ('b', 'c', 'd', 'a', 'h')
make sure b c d a and h are all visited
& F b & F c & F d & F a F h
& F b & F c & F d & F a F h
True

1144/10725
Partial result: 1095/1144 = 0.9571678321678322
visit | 5 ('b', 'c', 'd', 'h', 'a')
make sure b c d h and a are all visited
& F b & F c & F d & F h F a
& F b & F c & F d & F h F a
True

1145/10725
Partial result: 1096/1145 = 0.9572052401746725
visit | 5 ('b', 'c', 'h', 'a', 'd')
make sure b c h a and d are all visited
& F b & F c & F h & F a F d
& F b & F c & F h & F a F d
True

1146/10725
Partial result: 1097/1146 = 0.9572425828970331
visit | 5 ('b', 'c', 'h', 'd', 'a')
make sure b c h d and a are all visited
& F b & F c & F h & F d F a
& F b & F c & F h & F d F a
True

1147/10725
Partial result: 1098/1147 = 0.9572798605056669
visit | 5 ('b', 'd', 'a', 'c', 'h')
make sure b d a c and h are all visited
& F b & F d & F a & F c F h
& F b & F d & F a & F c F h
True

1148/10725
Partial result: 1099/1148 = 0.9573170731707317
visit | 5 ('b', 'd', 'a', 'h', 'c')
make sure b d a h and c are all visited
& F b & F d & F a & F h F c
& F b & F d & F a & F h F c
True

1149/10725
Partial result: 1100/1149 = 0.9573542210617929
visit | 5 ('b', 'd', 'c', 'a', 'h')
make sure b d c a and h are all visited
& F b & F d & F c & F a F h
& F b & F d & F c & F a F h
True

1150/10725
Partial result: 1101/1150 = 0.957391304347826
visit | 5 ('b', 'd', 'c', 'h', 'a')
make sure b d c h and a are all visited
& F b & F d & F c & F h F a
& F b & F d & F c & F h F a
True

1151/10725
Partial result: 1102/1151 = 0.9574283231972198
visit | 5 ('b', 'd', 'h', 'a', 'c')
make sure b d h a and c are all visited
& F b & F d & F h & F a F c
& F b & F d & F h & F a F c
True

1152/10725
Partial result: 1103/1152 = 0.9574652777777778
visit | 5 ('b', 'd', 'h', 'c', 'a')
make sure b d h c and a are all visited
& F b & F d & F h & F c F a
& F b & F d & F h & F c F a
True

1153/10725
Partial result: 1104/1153 = 0.9575021682567216
visit | 5 ('b', 'h', 'a', 'c', 'd')
make sure b h a c and d are all visited
& F b & F h & F a & F c F d
& F b & F h & F a & F c F d
True

1154/10725
Partial result: 1105/1154 = 0.9575389948006933
visit | 5 ('b', 'h', 'a', 'd', 'c')
make sure b h a d and c are all visited
& F b & F h & F a & F d F c
& F b & F h & F a & F d F c
True

1155/10725
Partial result: 1106/1155 = 0.9575757575757575
visit | 5 ('b', 'h', 'c', 'a', 'd')
make sure b h c a and d are all visited
& F b & F h & F c & F a F d
& F b & F h & F c & F a F d
True

1156/10725
Partial result: 1107/1156 = 0.9576124567474048
visit | 5 ('b', 'h', 'c', 'd', 'a')
make sure b h c d and a are all visited
& F b & F h & F c & F d F a
& F b & F h & F c & F d F a
True

1157/10725
Partial result: 1108/1157 = 0.9576490924805532
visit | 5 ('b', 'h', 'd', 'a', 'c')
make sure b h d a and c are all visited
& F b & F h & F d & F a F c
& F b & F h & F d & F a F c
True

1158/10725
Partial result: 1109/1158 = 0.957685664939551
visit | 5 ('b', 'h', 'd', 'c', 'a')
make sure b h d c and a are all visited
& F b & F h & F d & F c F a
& F b & F h & F d & F c F a
True

1159/10725
Partial result: 1110/1159 = 0.9577221742881795
visit | 5 ('c', 'a', 'b', 'd', 'h')
make sure c a b d and h are all visited
& F c & F a & F b & F d F h
& F c & F a & F b & F d F h
True

1160/10725
Partial result: 1111/1160 = 0.9577586206896552
visit | 5 ('c', 'a', 'b', 'h', 'd')
make sure c a b h and d are all visited
& F c & F a & F b & F h F d
& F c & F a & F b & F h F d
True

1161/10725
Partial result: 1112/1161 = 0.9577950043066322
visit | 5 ('c', 'a', 'd', 'b', 'h')
make sure c a d b and h are all visited
& F c & F a & F d & F b F h
& F c & F a & F d & F b F h
True

1162/10725
Partial result: 1113/1162 = 0.9578313253012049
visit | 5 ('c', 'a', 'd', 'h', 'b')
make sure c a d h and b are all visited
& F c & F a & F d & F h F b
& F c & F a & F d & F h F b
True

1163/10725
Partial result: 1114/1163 = 0.9578675838349097
visit | 5 ('c', 'a', 'h', 'b', 'd')
make sure c a h b and d are all visited
& F c & F a & F h & F b F d
& F c & F a & F h & F b F d
True

1164/10725
Partial result: 1115/1164 = 0.9579037800687286
visit | 5 ('c', 'a', 'h', 'd', 'b')
make sure c a h d and b are all visited
& F c & F a & F h & F d F b
& F c & F a & F h & F d F b
True

1165/10725
Partial result: 1116/1165 = 0.9579399141630901
visit | 5 ('c', 'b', 'a', 'd', 'h')
make sure c b a d and h are all visited
& F c & F b & F a & F d F h
& F c & F b & F a & F d F h
True

1166/10725
Partial result: 1117/1166 = 0.9579759862778731
visit | 5 ('c', 'b', 'a', 'h', 'd')
make sure c b a h and d are all visited
& F c & F b & F a & F h F d
& F c & F b & F a & F h F d
True

1167/10725
Partial result: 1118/1167 = 0.9580119965724079
visit | 5 ('c', 'b', 'd', 'a', 'h')
make sure c b d a and h are all visited
& F c & F b & F d & F a F h
& F c & F b & F d & F a F h
True

1168/10725
Partial result: 1119/1168 = 0.9580479452054794
visit | 5 ('c', 'b', 'd', 'h', 'a')
make sure c b d h and a are all visited
& F c & F b & F d & F h F a
& F c & F b & F d & F h F a
True

1169/10725
Partial result: 1120/1169 = 0.9580838323353293
visit | 5 ('c', 'b', 'h', 'a', 'd')
make sure c b h a and d are all visited
& F c & F b & F h & F a F d
& F c & F b & F h & F a F d
True

1170/10725
Partial result: 1121/1170 = 0.9581196581196582
visit | 5 ('c', 'b', 'h', 'd', 'a')
make sure c b h d and a are all visited
& F c & F b & F h & F d F a
& F c & F b & F h & F d F a
True

1171/10725
Partial result: 1122/1171 = 0.9581554227156277
visit | 5 ('c', 'd', 'a', 'b', 'h')
make sure c d a b and h are all visited
& F c & F d & F a & F b F h
& F c & F d & F a & F b F h
True

1172/10725
Partial result: 1123/1172 = 0.9581911262798635
visit | 5 ('c', 'd', 'a', 'h', 'b')
make sure c d a h and b are all visited
& F c & F d & F a & F h F b
& F c & F d & F a & F h F b
True

1173/10725
Partial result: 1124/1173 = 0.9582267689684569
visit | 5 ('c', 'd', 'b', 'a', 'h')
make sure c d b a and h are all visited
& F c & F d & F b & F a F h
& F c & F d & F b & F a F h
True

1174/10725
Partial result: 1125/1174 = 0.9582623509369677
visit | 5 ('c', 'd', 'b', 'h', 'a')
make sure c d b h and a are all visited
& F c & F d & F b & F h F a
& F c & F d & F b & F h F a
True

1175/10725
Partial result: 1126/1175 = 0.9582978723404255
visit | 5 ('c', 'd', 'h', 'a', 'b')
make sure c d h a and b are all visited
& F c & F d & F h & F a F b
& F c & F d & F h & F a F b
True

1176/10725
Partial result: 1127/1176 = 0.9583333333333334
visit | 5 ('c', 'd', 'h', 'b', 'a')
make sure c d h b and a are all visited
& F c & F d & F h & F b F a
& F c & F d & F h & F b F a
True

1177/10725
Partial result: 1128/1177 = 0.9583687340696686
visit | 5 ('c', 'h', 'a', 'b', 'd')
make sure c h a b and d are all visited
& F c & F h & F a & F b F d
& F c & F h & F a & F b F d
True

1178/10725
Partial result: 1129/1178 = 0.9584040747028862
visit | 5 ('c', 'h', 'a', 'd', 'b')
make sure c h a d and b are all visited
& F c & F h & F a & F d F b
& F c & F h & F a & F d F b
True

1179/10725
Partial result: 1130/1179 = 0.9584393553859203
visit | 5 ('c', 'h', 'b', 'a', 'd')
make sure c h b a and d are all visited
& F c & F h & F b & F a F d
& F c & F h & F b & F a F d
True

1180/10725
Partial result: 1131/1180 = 0.9584745762711865
visit | 5 ('c', 'h', 'b', 'd', 'a')
make sure c h b d and a are all visited
& F c & F h & F b & F d F a
& F c & F h & F b & F d F a
True

1181/10725
Partial result: 1132/1181 = 0.9585097375105842
visit | 5 ('c', 'h', 'd', 'a', 'b')
make sure c h d a and b are all visited
& F c & F h & F d & F a F b
& F c & F h & F d & F a F b
True

1182/10725
Partial result: 1133/1182 = 0.9585448392554992
visit | 5 ('c', 'h', 'd', 'b', 'a')
make sure c h d b and a are all visited
& F c & F h & F d & F b F a
& F c & F h & F d & F b F a
True

1183/10725
Partial result: 1134/1183 = 0.9585798816568047
visit | 5 ('d', 'a', 'b', 'c', 'h')
make sure d a b c and h are all visited
& F d & F a & F b & F c F h
& F d & F a & F b & F c F h
True

1184/10725
Partial result: 1135/1184 = 0.9586148648648649
visit | 5 ('d', 'a', 'b', 'h', 'c')
make sure d a b h and c are all visited
& F d & F a & F b & F h F c
& F d & F a & F b & F h F c
True

1185/10725
Partial result: 1136/1185 = 0.9586497890295359
visit | 5 ('d', 'a', 'c', 'b', 'h')
make sure d a c b and h are all visited
& F d & F a & F c & F b F h
& F d & F a & F c & F b F h
True

1186/10725
Partial result: 1137/1186 = 0.9586846543001686
visit | 5 ('d', 'a', 'c', 'h', 'b')
make sure d a c h and b are all visited
& F d & F a & F c & F h F b
& F d & F a & F c & F h F b
True

1187/10725
Partial result: 1138/1187 = 0.9587194608256108
visit | 5 ('d', 'a', 'h', 'b', 'c')
make sure d a h b and c are all visited
& F d & F a & F h & F b F c
& F d & F a & F h & F b F c
True

1188/10725
Partial result: 1139/1188 = 0.9587542087542088
visit | 5 ('d', 'a', 'h', 'c', 'b')
make sure d a h c and b are all visited
& F d & F a & F h & F c F b
& F d & F a & F h & F c F b
True

1189/10725
Partial result: 1140/1189 = 0.95878889823381
visit | 5 ('d', 'b', 'a', 'c', 'h')
make sure d b a c and h are all visited
& F d & F b & F a & F c F h
& F d & F b & F a & F c F h
True

1190/10725
Partial result: 1141/1190 = 0.9588235294117647
visit | 5 ('d', 'b', 'a', 'h', 'c')
make sure d b a h and c are all visited
& F d & F b & F a & F h F c
& F d & F b & F a & F h F c
True

1191/10725
Partial result: 1142/1191 = 0.9588581024349286
visit | 5 ('d', 'b', 'c', 'a', 'h')
make sure d b c a and h are all visited
& F d & F b & F c & F a F h
& F d & F b & F c & F a F h
True

1192/10725
Partial result: 1143/1192 = 0.9588926174496645
visit | 5 ('d', 'b', 'c', 'h', 'a')
make sure d b c h and a are all visited
& F d & F b & F c & F h F a
& F d & F b & F c & F h F a
True

1193/10725
Partial result: 1144/1193 = 0.9589270746018441
visit | 5 ('d', 'b', 'h', 'a', 'c')
make sure d b h a and c are all visited
& F d & F b & F h & F a F c
& F d & F b & F h & F a F c
True

1194/10725
Partial result: 1145/1194 = 0.958961474036851
visit | 5 ('d', 'b', 'h', 'c', 'a')
make sure d b h c and a are all visited
& F d & F b & F h & F c F a
& F d & F b & F h & F c F a
True

1195/10725
Partial result: 1146/1195 = 0.9589958158995816
visit | 5 ('d', 'c', 'a', 'b', 'h')
make sure d c a b and h are all visited
& F d & F c & F a & F b F h
& F d & F c & F a & F b F h
True

1196/10725
Partial result: 1147/1196 = 0.9590301003344481
visit | 5 ('d', 'c', 'a', 'h', 'b')
make sure d c a h and b are all visited
& F d & F c & F a & F h F b
& F d & F c & F a & F h F b
True

1197/10725
Partial result: 1148/1197 = 0.9590643274853801
visit | 5 ('d', 'c', 'b', 'a', 'h')
make sure d c b a and h are all visited
& F d & F c & F b & F a F h
& F d & F c & F b & F a F h
True

1198/10725
Partial result: 1149/1198 = 0.9590984974958264
visit | 5 ('d', 'c', 'b', 'h', 'a')
make sure d c b h and a are all visited
& F d & F c & F b & F h F a
& F d & F c & F b & F h F a
True

1199/10725
Partial result: 1150/1199 = 0.9591326105087573
visit | 5 ('d', 'c', 'h', 'a', 'b')
make sure d c h a and b are all visited
& F d & F c & F h & F a F b
& F d & F c & F h & F a F b
True

1200/10725
Partial result: 1151/1200 = 0.9591666666666666
visit | 5 ('d', 'c', 'h', 'b', 'a')
make sure d c h b and a are all visited
& F d & F c & F h & F b F a
& F d & F c & F h & F b F a
True

1201/10725
Partial result: 1152/1201 = 0.9592006661115737
visit | 5 ('d', 'h', 'a', 'b', 'c')
make sure d h a b and c are all visited
& F d & F h & F a & F b F c
& F d & F h & F a & F b F c
True

1202/10725
Partial result: 1153/1202 = 0.959234608985025
visit | 5 ('d', 'h', 'a', 'c', 'b')
make sure d h a c and b are all visited
& F d & F h & F a & F c F b
& F d & F h & F a & F c F b
True

1203/10725
Partial result: 1154/1203 = 0.9592684954280964
visit | 5 ('d', 'h', 'b', 'a', 'c')
make sure d h b a and c are all visited
& F d & F h & F b & F a F c
& F d & F h & F b & F a F c
True

1204/10725
Partial result: 1155/1204 = 0.9593023255813954
visit | 5 ('d', 'h', 'b', 'c', 'a')
make sure d h b c and a are all visited
& F d & F h & F b & F c F a
& F d & F h & F b & F c F a
True

1205/10725
Partial result: 1156/1205 = 0.9593360995850623
visit | 5 ('d', 'h', 'c', 'a', 'b')
make sure d h c a and b are all visited
& F d & F h & F c & F a F b
& F d & F h & F c & F a F b
True

1206/10725
Partial result: 1157/1206 = 0.9593698175787728
visit | 5 ('d', 'h', 'c', 'b', 'a')
make sure d h c b and a are all visited
& F d & F h & F c & F b F a
& F d & F h & F c & F b F a
True

1207/10725
Partial result: 1158/1207 = 0.9594034797017399
visit | 5 ('h', 'a', 'b', 'c', 'd')
make sure h a b c and d are all visited
& F h & F a & F b & F c F d
& F h & F a & F b & F c F d
True

1208/10725
Partial result: 1159/1208 = 0.9594370860927153
visit | 5 ('h', 'a', 'b', 'd', 'c')
make sure h a b d and c are all visited
& F h & F a & F b & F d F c
& F h & F a & F b & F d F c
True

1209/10725
Partial result: 1160/1209 = 0.9594706368899917
visit | 5 ('h', 'a', 'c', 'b', 'd')
make sure h a c b and d are all visited
& F h & F a & F c & F b F d
& F h & F a & F c & F b F d
True

1210/10725
Partial result: 1161/1210 = 0.959504132231405
visit | 5 ('h', 'a', 'c', 'd', 'b')
make sure h a c d and b are all visited
& F h & F a & F c & F d F b
& F h & F a & F c & F d F b
True

1211/10725
Partial result: 1162/1211 = 0.9595375722543352
visit | 5 ('h', 'a', 'd', 'b', 'c')
make sure h a d b and c are all visited
& F h & F a & F d & F b F c
& F h & F a & F d & F b F c
True

1212/10725
Partial result: 1163/1212 = 0.9595709570957096
visit | 5 ('h', 'a', 'd', 'c', 'b')
make sure h a d c and b are all visited
& F h & F a & F d & F c F b
& F h & F a & F d & F c F b
True

1213/10725
Partial result: 1164/1213 = 0.9596042868920033
visit | 5 ('h', 'b', 'a', 'c', 'd')
make sure h b a c and d are all visited
& F h & F b & F a & F c F d
& F h & F b & F a & F c F d
True

1214/10725
Partial result: 1165/1214 = 0.9596375617792422
visit | 5 ('h', 'b', 'a', 'd', 'c')
make sure h b a d and c are all visited
& F h & F b & F a & F d F c
& F h & F b & F a & F d F c
True

1215/10725
Partial result: 1166/1215 = 0.9596707818930041
visit | 5 ('h', 'b', 'c', 'a', 'd')
make sure h b c a and d are all visited
& F h & F b & F c & F a F d
& F h & F b & F c & F a F d
True

1216/10725
Partial result: 1167/1216 = 0.959703947368421
visit | 5 ('h', 'b', 'c', 'd', 'a')
make sure h b c d and a are all visited
& F h & F b & F c & F d F a
& F h & F b & F c & F d F a
True

1217/10725
Partial result: 1168/1217 = 0.9597370583401807
visit | 5 ('h', 'b', 'd', 'a', 'c')
make sure h b d a and c are all visited
& F h & F b & F d & F a F c
& F h & F b & F d & F a F c
True

1218/10725
Partial result: 1169/1218 = 0.9597701149425287
visit | 5 ('h', 'b', 'd', 'c', 'a')
make sure h b d c and a are all visited
& F h & F b & F d & F c F a
& F h & F b & F d & F c F a
True

1219/10725
Partial result: 1170/1219 = 0.9598031173092699
visit | 5 ('h', 'c', 'a', 'b', 'd')
make sure h c a b and d are all visited
& F h & F c & F a & F b F d
& F h & F c & F a & F b F d
True

1220/10725
Partial result: 1171/1220 = 0.9598360655737705
visit | 5 ('h', 'c', 'a', 'd', 'b')
make sure h c a d and b are all visited
& F h & F c & F a & F d F b
& F h & F c & F a & F d F b
True

1221/10725
Partial result: 1172/1221 = 0.9598689598689598
visit | 5 ('h', 'c', 'b', 'a', 'd')
make sure h c b a and d are all visited
& F h & F c & F b & F a F d
& F h & F c & F b & F a F d
True

1222/10725
Partial result: 1173/1222 = 0.9599018003273322
visit | 5 ('h', 'c', 'b', 'd', 'a')
make sure h c b d and a are all visited
& F h & F c & F b & F d F a
& F h & F c & F b & F d F a
True

1223/10725
Partial result: 1174/1223 = 0.9599345870809485
visit | 5 ('h', 'c', 'd', 'a', 'b')
make sure h c d a and b are all visited
& F h & F c & F d & F a F b
& F h & F c & F d & F a F b
True

1224/10725
Partial result: 1175/1224 = 0.9599673202614379
visit | 5 ('h', 'c', 'd', 'b', 'a')
make sure h c d b and a are all visited
& F h & F c & F d & F b F a
& F h & F c & F d & F b F a
True

1225/10725
Partial result: 1176/1225 = 0.96
visit | 5 ('h', 'd', 'a', 'b', 'c')
make sure h d a b and c are all visited
& F h & F d & F a & F b F c
& F h & F d & F a & F b F c
True

1226/10725
Partial result: 1177/1226 = 0.9600326264274062
visit | 5 ('h', 'd', 'a', 'c', 'b')
make sure h d a c and b are all visited
& F h & F d & F a & F c F b
& F h & F d & F a & F c F b
True

1227/10725
Partial result: 1178/1227 = 0.9600651996740016
visit | 5 ('h', 'd', 'b', 'a', 'c')
make sure h d b a and c are all visited
& F h & F d & F b & F a F c
& F h & F d & F b & F a F c
True

1228/10725
Partial result: 1179/1228 = 0.9600977198697068
visit | 5 ('h', 'd', 'b', 'c', 'a')
make sure h d b c and a are all visited
& F h & F d & F b & F c F a
& F h & F d & F b & F c F a
True

1229/10725
Partial result: 1180/1229 = 0.9601301871440195
visit | 5 ('h', 'd', 'c', 'a', 'b')
make sure h d c a and b are all visited
& F h & F d & F c & F a F b
& F h & F d & F c & F a F b
True

1230/10725
Partial result: 1181/1230 = 0.9601626016260163
visit | 5 ('h', 'd', 'c', 'b', 'a')
make sure h d c b and a are all visited
& F h & F d & F c & F b F a
& F h & F d & F c & F b F a
True

1231/10725
Partial result: 1182/1231 = 0.9601949634443542
visit | 5 ('a', 'b', 'c', 'd', 'h')
visit a b c d and h
& F a & F b & F c & F d F h
& F b & F a & F d & F h F c
True

1232/10725
Partial result: 1183/1232 = 0.9602272727272727
visit | 5 ('a', 'b', 'c', 'h', 'd')
visit a b c h and d
& F a & F b & F c & F h F d
& F b & F a & F h & F d F c
True

1233/10725
Partial result: 1184/1233 = 0.9602595296025953
visit | 5 ('a', 'b', 'd', 'c', 'h')
visit a b d c and h
& F a & F b & F d & F c F h
& F b & F a & F c & F h F d
True

1234/10725
Partial result: 1185/1234 = 0.960291734197731
visit | 5 ('a', 'b', 'd', 'h', 'c')
visit a b d h and c
& F a & F b & F d & F h F c
& F b & F a & F h & F c F d
True

1235/10725
Partial result: 1186/1235 = 0.9603238866396762
visit | 5 ('a', 'b', 'h', 'c', 'd')
visit a b h c and d
& F a & F b & F h & F c F d
& F b & F a & F c & F d F h
True

1236/10725
Partial result: 1187/1236 = 0.9603559870550162
visit | 5 ('a', 'b', 'h', 'd', 'c')
visit a b h d and c
& F a & F b & F h & F d F c
& F b & F a & F d & F c F h
True

1237/10725
Partial result: 1188/1237 = 0.9603880355699272
visit | 5 ('a', 'c', 'b', 'd', 'h')
visit a c b d and h
& F a & F c & F b & F d F h
& F a & F c & F b & F d F h
True

1238/10725
Partial result: 1189/1238 = 0.9604200323101777
visit | 5 ('a', 'c', 'b', 'h', 'd')
visit a c b h and d
& F a & F c & F b & F h F d
& F a & F c & F b & F h F d
True

1239/10725
Partial result: 1190/1239 = 0.96045197740113
visit | 5 ('a', 'c', 'd', 'b', 'h')
visit a c d b and h
& F a & F c & F d & F b F h
& F c & F a & F b & F h F d
True

1240/10725
Partial result: 1191/1240 = 0.9604838709677419
visit | 5 ('a', 'c', 'd', 'h', 'b')
visit a c d h and b
& F a & F c & F d & F h F b
& F a & F c & F d & F h F b
True

1241/10725
Partial result: 1192/1241 = 0.9605157131345688
visit | 5 ('a', 'c', 'h', 'b', 'd')
visit a c h b and d
& F a & F c & F h & F b F d
& F a & F c & F h & F b F d
True

1242/10725
Partial result: 1193/1242 = 0.9605475040257649
visit | 5 ('a', 'c', 'h', 'd', 'b')
visit a c h d and b
& F a & F c & F h & F d F b
& F a & F c & F h & F d F b
True

1243/10725
Partial result: 1194/1243 = 0.9605792437650845
visit | 5 ('a', 'd', 'b', 'c', 'h')
visit a d b c and h
& F a & F d & F b & F c F h
& F a & F d & F b & F c F h
True

1244/10725
Partial result: 1195/1244 = 0.9606109324758842
visit | 5 ('a', 'd', 'b', 'h', 'c')
visit a d b h and c
& F a & F d & F b & F h F c
& F a & F d & F b & F h F c
True

1245/10725
Partial result: 1196/1245 = 0.9606425702811245
visit | 5 ('a', 'd', 'c', 'b', 'h')
visit a d c b and h
& F a & F d & F c & F b F h
& F a & F d & F c & F b F h
True

1246/10725
Partial result: 1197/1246 = 0.9606741573033708
visit | 5 ('a', 'd', 'c', 'h', 'b')
visit a d c h and b
& F a & F d & F c & F h F b
& F a & F d & F c & F h F b
True

1247/10725
Partial result: 1198/1247 = 0.9607056936647955
visit | 5 ('a', 'd', 'h', 'b', 'c')
visit a d h b and c
& F a & F d & F h & F b F c
& F a & F d & F h & F b F c
True

1248/10725
Partial result: 1199/1248 = 0.9607371794871795
visit | 5 ('a', 'd', 'h', 'c', 'b')
visit a d h c and b
& F a & F d & F h & F c F b
& F a & F d & F h & F c F b
True

1249/10725
Partial result: 1200/1249 = 0.9607686148919136
visit | 5 ('a', 'h', 'b', 'c', 'd')
visit a h b c and d
& F a & F h & F b & F c F d
& F a & F h & F b & F c F d
True

1250/10725
Partial result: 1201/1250 = 0.9608
visit | 5 ('a', 'h', 'b', 'd', 'c')
visit a h b d and c
& F a & F h & F b & F d F c
& F h & F a & F d & F c F b
True

1251/10725
Partial result: 1202/1251 = 0.9608313349320543
visit | 5 ('a', 'h', 'c', 'b', 'd')
visit a h c b and d
& F a & F h & F c & F b F d
& F h & F a & F b & F d F c
True

1252/10725
Partial result: 1203/1252 = 0.9608626198083067
visit | 5 ('a', 'h', 'c', 'd', 'b')
visit a h c d and b
& F a & F h & F c & F d F b
& F h & F a & F d & F b F c
True

1253/10725
Partial result: 1204/1253 = 0.9608938547486033
visit | 5 ('a', 'h', 'd', 'b', 'c')
visit a h d b and c
& F a & F h & F d & F b F c
& F h & F a & F b & F c F d
True

1254/10725
Partial result: 1205/1254 = 0.9609250398724083
visit | 5 ('a', 'h', 'd', 'c', 'b')
visit a h d c and b
& F a & F h & F d & F c F b
& F a & F h & F d & F c F b
True

1255/10725
Partial result: 1206/1255 = 0.9609561752988047
visit | 5 ('b', 'a', 'c', 'd', 'h')
visit b a c d and h
& F b & F a & F c & F d F h
& F b & F a & F c & F d F h
True

1256/10725
Partial result: 1207/1256 = 0.9609872611464968
visit | 5 ('b', 'a', 'c', 'h', 'd')
visit b a c h and d
& F b & F a & F c & F h F d
& F b & F a & F c & F h F d
True

1257/10725
Partial result: 1208/1257 = 0.9610182975338106
visit | 5 ('b', 'a', 'd', 'c', 'h')
visit b a d c and h
& F b & F a & F d & F c F h
& F b & F a & F d & F c F h
True

1258/10725
Partial result: 1209/1258 = 0.9610492845786963
visit | 5 ('b', 'a', 'd', 'h', 'c')
visit b a d h and c
& F b & F a & F d & F h F c
& F b & F a & F d & F h F c
True

1259/10725
Partial result: 1210/1259 = 0.9610802223987291
visit | 5 ('b', 'a', 'h', 'c', 'd')
visit b a h c and d
& F b & F a & F h & F c F d
& F b & F a & F h & F c F d
True

1260/10725
Partial result: 1211/1260 = 0.9611111111111111
visit | 5 ('b', 'a', 'h', 'd', 'c')
visit b a h d and c
& F b & F a & F h & F d F c
& F b & F a & F h & F d F c
True

1261/10725
Partial result: 1212/1261 = 0.9611419508326725
visit | 5 ('b', 'c', 'a', 'd', 'h')
visit b c a d and h
& F b & F c & F a & F d F h
& F c & F b & F d & F h F a
True

1262/10725
Partial result: 1213/1262 = 0.9611727416798732
visit | 5 ('b', 'c', 'a', 'h', 'd')
visit b c a h and d
& F b & F c & F a & F h F d
& F b & F c & F a & F h F d
True

1263/10725
Partial result: 1214/1263 = 0.9612034837688044
visit | 5 ('b', 'c', 'd', 'a', 'h')
visit b c d a and h
& F b & F c & F d & F a F h
& F b & F c & F d & F a F h
True

1264/10725
Partial result: 1215/1264 = 0.9612341772151899
visit | 5 ('b', 'c', 'd', 'h', 'a')
visit b c d h and a
& F b & F c & F d & F h F a
& F b & F c & F d & F h F a
True

1265/10725
Partial result: 1216/1265 = 0.9612648221343874
visit | 5 ('b', 'c', 'h', 'a', 'd')
visit b c h a and d
& F b & F c & F h & F a F d
& F b & F c & F h & F a F d
True

1266/10725
Partial result: 1217/1266 = 0.9612954186413902
visit | 5 ('b', 'c', 'h', 'd', 'a')
visit b c h d and a
& F b & F c & F h & F d F a
& F b & F c & F h & F d F a
True

1267/10725
Partial result: 1218/1267 = 0.9613259668508287
visit | 5 ('b', 'd', 'a', 'c', 'h')
visit b d a c and h
& F b & F d & F a & F c F h
& F b & F d & F a & F c F h
True

1268/10725
Partial result: 1219/1268 = 0.9613564668769716
visit | 5 ('b', 'd', 'a', 'h', 'c')
visit b d a h and c
& F b & F d & F a & F h F c
& F b & F d & F a & F h F c
True

1269/10725
Partial result: 1220/1269 = 0.9613869188337274
visit | 5 ('b', 'd', 'c', 'a', 'h')
visit b d c a and h
& F b & F d & F c & F a F h
& F b & F d & F c & F a F h
True

1270/10725
Partial result: 1221/1270 = 0.9614173228346456
visit | 5 ('b', 'd', 'c', 'h', 'a')
visit b d c h and a
& F b & F d & F c & F h F a
& F b & F d & F c & F h F a
True

1271/10725
Partial result: 1222/1271 = 0.9614476789929189
visit | 5 ('b', 'd', 'h', 'a', 'c')
visit b d h a and c
& F b & F d & F h & F a F c
& F b & F d & F h & F a F c
True

1272/10725
Partial result: 1223/1272 = 0.9614779874213837
visit | 5 ('b', 'd', 'h', 'c', 'a')
visit b d h c and a
& F b & F d & F h & F c F a
& F b & F d & F h & F c F a
True

1273/10725
Partial result: 1224/1273 = 0.9615082482325216
visit | 5 ('b', 'h', 'a', 'c', 'd')
visit b h a c and d
& F b & F h & F a & F c F d
& F h & F b & F c & F d F a
True

1274/10725
Partial result: 1225/1274 = 0.9615384615384616
visit | 5 ('b', 'h', 'a', 'd', 'c')
visit b h a d and c
& F b & F h & F a & F d F c
& F h & F b & F d & F c F a
True

1275/10725
Partial result: 1226/1275 = 0.9615686274509804
visit | 5 ('b', 'h', 'c', 'a', 'd')
visit b h c a and d
& F b & F h & F c & F a F d
& F h & F b & F a & F d F c
True

1276/10725
Partial result: 1227/1276 = 0.9615987460815048
visit | 5 ('b', 'h', 'c', 'd', 'a')
visit b h c d and a
& F b & F h & F c & F d F a
& F h & F b & F d & F a F c
True

1277/10725
Partial result: 1228/1277 = 0.961628817541112
visit | 5 ('b', 'h', 'd', 'a', 'c')
visit b h d a and c
& F b & F h & F d & F a F c
& F h & F b & F a & F c F d
True

1278/10725
Partial result: 1229/1278 = 0.9616588419405321
visit | 5 ('b', 'h', 'd', 'c', 'a')
visit b h d c and a
& F b & F h & F d & F c F a
& F h & F b & F c & F a F d
True

1279/10725
Partial result: 1230/1279 = 0.9616888193901486
visit | 5 ('c', 'a', 'b', 'd', 'h')
visit c a b d and h
& F c & F a & F b & F d F h
& F c & F a & F b & F d F h
True

1280/10725
Partial result: 1231/1280 = 0.96171875
visit | 5 ('c', 'a', 'b', 'h', 'd')
visit c a b h and d
& F c & F a & F b & F h F d
& F c & F a & F b & F h F d
True

1281/10725
Partial result: 1232/1281 = 0.9617486338797814
visit | 5 ('c', 'a', 'd', 'b', 'h')
visit c a d b and h
& F c & F a & F d & F b F h
& F c & F a & F d & F b F h
True

1282/10725
Partial result: 1233/1282 = 0.9617784711388455
visit | 5 ('c', 'a', 'd', 'h', 'b')
visit c a d h and b
& F c & F a & F d & F h F b
& F c & F a & F d & F h F b
True

1283/10725
Partial result: 1234/1283 = 0.9618082618862042
visit | 5 ('c', 'a', 'h', 'b', 'd')
visit c a h b and d
& F c & F a & F h & F b F d
& F c & F a & F h & F b F d
True

1284/10725
Partial result: 1235/1284 = 0.9618380062305296
visit | 5 ('c', 'a', 'h', 'd', 'b')
visit c a h d and b
& F c & F a & F h & F d F b
& F c & F a & F h & F d F b
True

1285/10725
Partial result: 1236/1285 = 0.9618677042801557
visit | 5 ('c', 'b', 'a', 'd', 'h')
visit c b a d and h
& F c & F b & F a & F d F h
& F c & F b & F a & F d F h
True

1286/10725
Partial result: 1237/1286 = 0.9618973561430794
visit | 5 ('c', 'b', 'a', 'h', 'd')
visit c b a h and d
& F c & F b & F a & F h F d
& F c & F b & F a & F h F d
True

1287/10725
Partial result: 1238/1287 = 0.9619269619269619
visit | 5 ('c', 'b', 'd', 'a', 'h')
visit c b d a and h
& F c & F b & F d & F a F h
& F c & F b & F d & F a F h
True

1288/10725
Partial result: 1239/1288 = 0.9619565217391305
visit | 5 ('c', 'b', 'd', 'h', 'a')
visit c b d h and a
& F c & F b & F d & F h F a
& F c & F b & F d & F h F a
True

1289/10725
Partial result: 1240/1289 = 0.9619860356865787
visit | 5 ('c', 'b', 'h', 'a', 'd')
visit c b h a and d
& F c & F b & F h & F a F d
& F c & F b & F h & F a F d
True

1290/10725
Partial result: 1241/1290 = 0.962015503875969
visit | 5 ('c', 'b', 'h', 'd', 'a')
visit c b h d and a
& F c & F b & F h & F d F a
& F c & F b & F h & F d F a
True

1291/10725
Partial result: 1242/1291 = 0.9620449264136328
visit | 5 ('c', 'd', 'a', 'b', 'h')
visit c d a b and h
& F c & F d & F a & F b F h
& F c & F d & F a & F b F h
True

1292/10725
Partial result: 1243/1292 = 0.9620743034055728
visit | 5 ('c', 'd', 'a', 'h', 'b')
visit c d a h and b
& F c & F d & F a & F h F b
& F c & F d & F a & F h F b
True

1293/10725
Partial result: 1244/1293 = 0.9621036349574633
visit | 5 ('c', 'd', 'b', 'a', 'h')
visit c d b a and h
& F c & F d & F b & F a F h
& F c & F d & F b & F a F h
True

1294/10725
Partial result: 1245/1294 = 0.9621329211746522
visit | 5 ('c', 'd', 'b', 'h', 'a')
visit c d b h and a
& F c & F d & F b & F h F a
& F c & F d & F b & F h F a
True

1295/10725
Partial result: 1246/1295 = 0.9621621621621622
visit | 5 ('c', 'd', 'h', 'a', 'b')
visit c d h a and b
& F c & F d & F h & F a F b
& F c & F d & F h & F a F b
True

1296/10725
Partial result: 1247/1296 = 0.9621913580246914
visit | 5 ('c', 'd', 'h', 'b', 'a')
visit c d h b and a
& F c & F d & F h & F b F a
& F c & F d & F h & F b F a
True

1297/10725
Partial result: 1248/1297 = 0.9622205088666153
visit | 5 ('c', 'h', 'a', 'b', 'd')
visit c h a b and d
& F c & F h & F a & F b F d
& F c & F h & F a & F b F d
True

1298/10725
Partial result: 1249/1298 = 0.9622496147919877
visit | 5 ('c', 'h', 'a', 'd', 'b')
visit c h a d and b
& F c & F h & F a & F d F b
& F c & F h & F a & F d F b
True

1299/10725
Partial result: 1250/1299 = 0.962278675904542
visit | 5 ('c', 'h', 'b', 'a', 'd')
visit c h b a and d
& F c & F h & F b & F a F d
& F c & F h & F b & F a F d
True

1300/10725
Partial result: 1251/1300 = 0.9623076923076923
visit | 5 ('c', 'h', 'b', 'd', 'a')
visit c h b d and a
& F c & F h & F b & F d F a
& F c & F h & F b & F d F a
True

1301/10725
Partial result: 1252/1301 = 0.962336664104535
visit | 5 ('c', 'h', 'd', 'a', 'b')
visit c h d a and b
& F c & F h & F d & F a F b
& F c & F h & F d & F a F b
True

1302/10725
Partial result: 1253/1302 = 0.9623655913978495
visit | 5 ('c', 'h', 'd', 'b', 'a')
visit c h d b and a
& F c & F h & F d & F b F a
& F c & F h & F d & F b F a
True

1303/10725
Partial result: 1254/1303 = 0.9623944742900997
visit | 5 ('d', 'a', 'b', 'c', 'h')
visit d a b c and h
& F d & F a & F b & F c F h
& F d & F a & F b & F c F h
True

1304/10725
Partial result: 1255/1304 = 0.9624233128834356
visit | 5 ('d', 'a', 'b', 'h', 'c')
visit d a b h and c
& F d & F a & F b & F h F c
& F d & F a & F b & F h F c
True

1305/10725
Partial result: 1256/1305 = 0.9624521072796934
visit | 5 ('d', 'a', 'c', 'b', 'h')
visit d a c b and h
& F d & F a & F c & F b F h
& F d & F a & F c & F b F h
True

1306/10725
Partial result: 1257/1306 = 0.9624808575803981
visit | 5 ('d', 'a', 'c', 'h', 'b')
visit d a c h and b
& F d & F a & F c & F h F b
& F d & F a & F c & F h F b
True

1307/10725
Partial result: 1258/1307 = 0.9625095638867636
visit | 5 ('d', 'a', 'h', 'b', 'c')
visit d a h b and c
& F d & F a & F h & F b F c
& F d & F a & F h & F b F c
True

1308/10725
Partial result: 1259/1308 = 0.9625382262996942
visit | 5 ('d', 'a', 'h', 'c', 'b')
visit d a h c and b
& F d & F a & F h & F c F b
& F d & F a & F h & F c F b
True

1309/10725
Partial result: 1260/1309 = 0.9625668449197861
visit | 5 ('d', 'b', 'a', 'c', 'h')
visit d b a c and h
& F d & F b & F a & F c F h
& F b & F d & F c & F h F a
True

1310/10725
Partial result: 1261/1310 = 0.9625954198473282
visit | 5 ('d', 'b', 'a', 'h', 'c')
visit d b a h and c
& F d & F b & F a & F h F c
& F b & F d & F h & F c F a
True

1311/10725
Partial result: 1262/1311 = 0.9626239511823036
visit | 5 ('d', 'b', 'c', 'a', 'h')
visit d b c a and h
& F d & F b & F c & F a F h
& F b & F d & F a & F h F c
True

1312/10725
Partial result: 1263/1312 = 0.9626524390243902
visit | 5 ('d', 'b', 'c', 'h', 'a')
visit d b c h and a
& F d & F b & F c & F h F a
& F b & F d & F h & F a F c
True

1313/10725
Partial result: 1264/1313 = 0.9626808834729627
visit | 5 ('d', 'b', 'h', 'a', 'c')
visit d b h a and c
& F d & F b & F h & F a F c
& F d & F b & F h & F a F c
True

1314/10725
Partial result: 1265/1314 = 0.9627092846270928
visit | 5 ('d', 'b', 'h', 'c', 'a')
visit d b h c and a
& F d & F b & F h & F c F a
& F b & F d & F c & F a F h
True

1315/10725
Partial result: 1266/1315 = 0.9627376425855513
visit | 5 ('d', 'c', 'a', 'b', 'h')
visit d c a b and h
& F d & F c & F a & F b F h
& F d & F c & F a & F b F h
True

1316/10725
Partial result: 1267/1316 = 0.9627659574468085
visit | 5 ('d', 'c', 'a', 'h', 'b')
visit d c a h and b
& F d & F c & F a & F h F b
& F d & F c & F a & F h F b
True

1317/10725
Partial result: 1268/1317 = 0.9627942293090357
visit | 5 ('d', 'c', 'b', 'a', 'h')
visit d c b a and h
& F d & F c & F b & F a F h
& F d & F c & F b & F a F h
True

1318/10725
Partial result: 1269/1318 = 0.9628224582701063
visit | 5 ('d', 'c', 'b', 'h', 'a')
visit d c b h and a
& F d & F c & F b & F h F a
& F d & F c & F b & F h F a
True

1319/10725
Partial result: 1270/1319 = 0.9628506444275967
visit | 5 ('d', 'c', 'h', 'a', 'b')
visit d c h a and b
& F d & F c & F h & F a F b
& F d & F c & F h & F a F b
True

1320/10725
Partial result: 1271/1320 = 0.9628787878787879
visit | 5 ('d', 'c', 'h', 'b', 'a')
visit d c h b and a
& F d & F c & F h & F b F a
& F d & F c & F h & F b F a
True

1321/10725
Partial result: 1272/1321 = 0.9629068887206662
visit | 5 ('d', 'h', 'a', 'b', 'c')
visit d h a b and c
& F d & F h & F a & F b F c
& F d & F h & F a & F b F c
True

1322/10725
Partial result: 1273/1322 = 0.9629349470499243
visit | 5 ('d', 'h', 'a', 'c', 'b')
visit d h a c and b
& F d & F h & F a & F c F b
& F d & F h & F a & F c F b
True

1323/10725
Partial result: 1274/1323 = 0.9629629629629629
visit | 5 ('d', 'h', 'b', 'a', 'c')
visit d h b a and c
& F d & F h & F b & F a F c
& F d & F h & F b & F a F c
True

1324/10725
Partial result: 1275/1324 = 0.9629909365558912
visit | 5 ('d', 'h', 'b', 'c', 'a')
visit d h b c and a
& F d & F h & F b & F c F a
& F d & F h & F b & F c F a
True

1325/10725
Partial result: 1276/1325 = 0.9630188679245283
visit | 5 ('d', 'h', 'c', 'a', 'b')
visit d h c a and b
& F d & F h & F c & F a F b
& F d & F h & F c & F a F b
True

1326/10725
Partial result: 1277/1326 = 0.9630467571644042
visit | 5 ('d', 'h', 'c', 'b', 'a')
visit d h c b and a
& F d & F h & F c & F b F a
& F d & F h & F c & F b F a
True

1327/10725
Partial result: 1278/1327 = 0.9630746043707611
visit | 5 ('h', 'a', 'b', 'c', 'd')
visit h a b c and d
& F h & F a & F b & F c F d
& F h & F a & F b & F c F d
True

1328/10725
Partial result: 1279/1328 = 0.9631024096385542
visit | 5 ('h', 'a', 'b', 'd', 'c')
visit h a b d and c
& F h & F a & F b & F d F c
& F h & F a & F b & F d F c
True

1329/10725
Partial result: 1280/1329 = 0.963130173062453
visit | 5 ('h', 'a', 'c', 'b', 'd')
visit h a c b and d
& F h & F a & F c & F b F d
& F h & F a & F c & F b F d
True

1330/10725
Partial result: 1281/1330 = 0.9631578947368421
visit | 5 ('h', 'a', 'c', 'd', 'b')
visit h a c d and b
& F h & F a & F c & F d F b
& F h & F a & F c & F d F b
True

1331/10725
Partial result: 1282/1331 = 0.9631855747558227
visit | 5 ('h', 'a', 'd', 'b', 'c')
visit h a d b and c
& F h & F a & F d & F b F c
& F h & F a & F d & F b F c
True

1332/10725
Partial result: 1283/1332 = 0.9632132132132132
visit | 5 ('h', 'a', 'd', 'c', 'b')
visit h a d c and b
& F h & F a & F d & F c F b
& F h & F a & F d & F c F b
True

1333/10725
Partial result: 1284/1333 = 0.9632408102025506
visit | 5 ('h', 'b', 'a', 'c', 'd')
visit h b a c and d
& F h & F b & F a & F c F d
& F b & F h & F c & F d F a
True

1334/10725
Partial result: 1285/1334 = 0.9632683658170914
visit | 5 ('h', 'b', 'a', 'd', 'c')
visit h b a d and c
& F h & F b & F a & F d F c
& F b & F h & F d & F c F a
True

1335/10725
Partial result: 1286/1335 = 0.9632958801498127
visit | 5 ('h', 'b', 'c', 'a', 'd')
visit h b c a and d
& F h & F b & F c & F a F d
& F b & F h & F a & F d F c
True

1336/10725
Partial result: 1287/1336 = 0.9633233532934131
visit | 5 ('h', 'b', 'c', 'd', 'a')
visit h b c d and a
& F h & F b & F c & F d F a
& F b & F h & F d & F a F c
True

1337/10725
Partial result: 1288/1337 = 0.9633507853403142
visit | 5 ('h', 'b', 'd', 'a', 'c')
visit h b d a and c
& F h & F b & F d & F a F c
& F b & F h & F a & F c F d
True

1338/10725
Partial result: 1289/1338 = 0.9633781763826607
visit | 5 ('h', 'b', 'd', 'c', 'a')
visit h b d c and a
& F h & F b & F d & F c F a
& F b & F h & F c & F a F d
True

1339/10725
Partial result: 1290/1339 = 0.9634055265123226
visit | 5 ('h', 'c', 'a', 'b', 'd')
visit h c a b and d
& F h & F c & F a & F b F d
& F c & F h & F b & F d F a
True

1340/10725
Partial result: 1291/1340 = 0.9634328358208956
visit | 5 ('h', 'c', 'a', 'd', 'b')
visit h c a d and b
& F h & F c & F a & F d F b
& F c & F h & F d & F b F a
True

1341/10725
Partial result: 1292/1341 = 0.9634601043997018
visit | 5 ('h', 'c', 'b', 'a', 'd')
visit h c b a and d
& F h & F c & F b & F a F d
& F h & F c & F b & F a F d
True

1342/10725
Partial result: 1293/1342 = 0.9634873323397913
visit | 5 ('h', 'c', 'b', 'd', 'a')
visit h c b d and a
& F h & F c & F b & F d F a
& F c & F h & F d & F a F b
True

1343/10725
Partial result: 1294/1343 = 0.9635145197319435
visit | 5 ('h', 'c', 'd', 'a', 'b')
visit h c d a and b
& F h & F c & F d & F a F b
& F c & F h & F a & F b F d
True

1344/10725
Partial result: 1295/1344 = 0.9635416666666666
visit | 5 ('h', 'c', 'd', 'b', 'a')
visit h c d b and a
& F h & F c & F d & F b F a
& F c & F h & F b & F a F d
True

1345/10725
Partial result: 1296/1345 = 0.9635687732342008
visit | 5 ('h', 'd', 'a', 'b', 'c')
visit h d a b and c
& F h & F d & F a & F b F c
& F d & F h & F b & F c F a
True

1346/10725
Partial result: 1297/1346 = 0.9635958395245171
visit | 5 ('h', 'd', 'a', 'c', 'b')
visit h d a c and b
& F h & F d & F a & F c F b
& F d & F h & F c & F b F a
True

1347/10725
Partial result: 1298/1347 = 0.96362286562732
visit | 5 ('h', 'd', 'b', 'a', 'c')
visit h d b a and c
& F h & F d & F b & F a F c
& F h & F d & F b & F a F c
True

1348/10725
Partial result: 1299/1348 = 0.9636498516320475
visit | 5 ('h', 'd', 'b', 'c', 'a')
visit h d b c and a
& F h & F d & F b & F c F a
& F h & F d & F b & F c F a
True

1349/10725
Partial result: 1300/1349 = 0.9636767976278725
visit | 5 ('h', 'd', 'c', 'a', 'b')
visit h d c a and b
& F h & F d & F c & F a F b
& F d & F h & F a & F b F c
True

1350/10725
Partial result: 1301/1350 = 0.9637037037037037
visit | 5 ('h', 'd', 'c', 'b', 'a')
visit h d c b and a
& F h & F d & F c & F b F a
& F d & F h & F b & F a F c
True

1351/10725
Partial result: 1302/1351 = 0.9637305699481865
visit | 5 ('a', 'b', 'c', 'd', 'h')
you must visit a b c d h but it can be done in any order
& F a & F b & F c & F d F h
& F a & F b & F c & F d F h
True

1352/10725
Partial result: 1303/1352 = 0.9637573964497042
visit | 5 ('a', 'b', 'c', 'h', 'd')
you must visit a b c h d but it can be done in any order
& F a & F b & F c & F h F d
& F a & F b & F c & F h F d
True

1353/10725
Partial result: 1304/1353 = 0.9637841832963784
visit | 5 ('a', 'b', 'd', 'c', 'h')
you must visit a b d c h but it can be done in any order
& F a & F b & F d & F c F h
& F a & F b & F d & F c F h
True

1354/10725
Partial result: 1305/1354 = 0.9638109305760709
visit | 5 ('a', 'b', 'd', 'h', 'c')
you must visit a b d h c but it can be done in any order
& F a & F b & F d & F h F c
& F a & F b & F d & F h F c
True

1355/10725
Partial result: 1306/1355 = 0.9638376383763838
visit | 5 ('a', 'b', 'h', 'c', 'd')
you must visit a b h c d but it can be done in any order
& F a & F b & F h & F c F d
& F a & F b & F h & F c F d
True

1356/10725
Partial result: 1307/1356 = 0.9638643067846607
visit | 5 ('a', 'b', 'h', 'd', 'c')
you must visit a b h d c but it can be done in any order
& F a & F b & F h & F d F c
& F a & F b & F h & F d F c
True

1357/10725
Partial result: 1308/1357 = 0.9638909358879882
visit | 5 ('a', 'c', 'b', 'd', 'h')
you must visit a c b d h but it can be done in any order
& F a & F c & F b & F d F h
& F a & F c & F b & F d F h
True

1358/10725
Partial result: 1309/1358 = 0.9639175257731959
visit | 5 ('a', 'c', 'b', 'h', 'd')
you must visit a c b h d but it can be done in any order
& F a & F c & F b & F h F d
& F a & F c & F b & F h F d
True

1359/10725
Partial result: 1310/1359 = 0.963944076526858
visit | 5 ('a', 'c', 'd', 'b', 'h')
you must visit a c d b h but it can be done in any order
& F a & F c & F d & F b F h
& F a & F c & F d & F b F h
True

1360/10725
Partial result: 1311/1360 = 0.9639705882352941
visit | 5 ('a', 'c', 'd', 'h', 'b')
you must visit a c d h b but it can be done in any order
& F a & F c & F d & F h F b
& F a & F c & F d & F h F b
True

1361/10725
Partial result: 1312/1361 = 0.9639970609845702
visit | 5 ('a', 'c', 'h', 'b', 'd')
you must visit a c h b d but it can be done in any order
& F a & F c & F h & F b F d
& F a & F c & F h & F b F d
True

1362/10725
Partial result: 1313/1362 = 0.9640234948604993
visit | 5 ('a', 'c', 'h', 'd', 'b')
you must visit a c h d b but it can be done in any order
& F a & F c & F h & F d F b
& F a & F c & F h & F d F b
True

1363/10725
Partial result: 1314/1363 = 0.9640498899486427
visit | 5 ('a', 'd', 'b', 'c', 'h')
you must visit a d b c h but it can be done in any order
& F a & F d & F b & F c F h
& F a & F d & F b & F c F h
True

1364/10725
Partial result: 1315/1364 = 0.9640762463343109
visit | 5 ('a', 'd', 'b', 'h', 'c')
you must visit a d b h c but it can be done in any order
& F a & F d & F b & F h F c
& F a & F d & F b & F h F c
True

1365/10725
Partial result: 1316/1365 = 0.9641025641025641
visit | 5 ('a', 'd', 'c', 'b', 'h')
you must visit a d c b h but it can be done in any order
& F a & F d & F c & F b F h
& F a & F d & F c & F b F h
True

1366/10725
Partial result: 1317/1366 = 0.9641288433382138
visit | 5 ('a', 'd', 'c', 'h', 'b')
you must visit a d c h b but it can be done in any order
& F a & F d & F c & F h F b
& F a & F d & F c & F h F b
True

1367/10725
Partial result: 1318/1367 = 0.964155084125823
visit | 5 ('a', 'd', 'h', 'b', 'c')
you must visit a d h b c but it can be done in any order
& F a & F d & F h & F b F c
& F a & F d & F h & F b F c
True

1368/10725
Partial result: 1319/1368 = 0.9641812865497076
visit | 5 ('a', 'd', 'h', 'c', 'b')
you must visit a d h c b but it can be done in any order
& F a & F d & F h & F c F b
& F a & F d & F h & F c F b
True

1369/10725
Partial result: 1320/1369 = 0.9642074506939372
visit | 5 ('a', 'h', 'b', 'c', 'd')
you must visit a h b c d but it can be done in any order
& F a & F h & F b & F c F d
& F a & F h & F b & F c F d
True

1370/10725
Partial result: 1321/1370 = 0.9642335766423358
visit | 5 ('a', 'h', 'b', 'd', 'c')
you must visit a h b d c but it can be done in any order
& F a & F h & F b & F d F c
& F a & F h & F b & F d F c
True

1371/10725
Partial result: 1322/1371 = 0.9642596644784829
visit | 5 ('a', 'h', 'c', 'b', 'd')
you must visit a h c b d but it can be done in any order
& F a & F h & F c & F b F d
& F a & F h & F c & F b F d
True

1372/10725
Partial result: 1323/1372 = 0.9642857142857143
visit | 5 ('a', 'h', 'c', 'd', 'b')
you must visit a h c d b but it can be done in any order
& F a & F h & F c & F d F b
& F a & F h & F c & F d F b
True

1373/10725
Partial result: 1324/1373 = 0.9643117261471231
visit | 5 ('a', 'h', 'd', 'b', 'c')
you must visit a h d b c but it can be done in any order
& F a & F h & F d & F b F c
& F a & F h & F d & F b F c
True

1374/10725
Partial result: 1325/1374 = 0.9643377001455604
visit | 5 ('a', 'h', 'd', 'c', 'b')
you must visit a h d c b but it can be done in any order
& F a & F h & F d & F c F b
& F a & F h & F d & F c F b
True

1375/10725
Partial result: 1326/1375 = 0.9643636363636363
visit | 5 ('b', 'a', 'c', 'd', 'h')
you must visit b a c d h but it can be done in any order
& F b & F a & F c & F d F h
& F b & F a & F c & F d F h
True

1376/10725
Partial result: 1327/1376 = 0.9643895348837209
visit | 5 ('b', 'a', 'c', 'h', 'd')
you must visit b a c h d but it can be done in any order
& F b & F a & F c & F h F d
& F b & F a & F c & F h F d
True

1377/10725
Partial result: 1328/1377 = 0.9644153957879448
visit | 5 ('b', 'a', 'd', 'c', 'h')
you must visit b a d c h but it can be done in any order
& F b & F a & F d & F c F h
& F b & F a & F d & F c F h
True

1378/10725
Partial result: 1329/1378 = 0.9644412191582002
visit | 5 ('b', 'a', 'd', 'h', 'c')
you must visit b a d h c but it can be done in any order
& F b & F a & F d & F h F c
& F b & F a & F d & F h F c
True

1379/10725
Partial result: 1330/1379 = 0.9644670050761421
visit | 5 ('b', 'a', 'h', 'c', 'd')
you must visit b a h c d but it can be done in any order
& F b & F a & F h & F c F d
& F b & F a & F h & F c F d
True

1380/10725
Partial result: 1331/1380 = 0.9644927536231884
visit | 5 ('b', 'a', 'h', 'd', 'c')
you must visit b a h d c but it can be done in any order
& F b & F a & F h & F d F c
& F b & F a & F h & F d F c
True

1381/10725
Partial result: 1332/1381 = 0.9645184648805214
visit | 5 ('b', 'c', 'a', 'd', 'h')
you must visit b c a d h but it can be done in any order
& F b & F c & F a & F d F h
& F b & F c & F a & F d F h
True

1382/10725
Partial result: 1333/1382 = 0.9645441389290883
visit | 5 ('b', 'c', 'a', 'h', 'd')
you must visit b c a h d but it can be done in any order
& F b & F c & F a & F h F d
& F b & F c & F a & F h F d
True

1383/10725
Partial result: 1334/1383 = 0.9645697758496024
visit | 5 ('b', 'c', 'd', 'a', 'h')
you must visit b c d a h but it can be done in any order
& F b & F c & F d & F a F h
& F b & F c & F d & F a F h
True

1384/10725
Partial result: 1335/1384 = 0.9645953757225434
visit | 5 ('b', 'c', 'd', 'h', 'a')
you must visit b c d h a but it can be done in any order
& F b & F c & F d & F h F a
& F b & F c & F d & F h F a
True

1385/10725
Partial result: 1336/1385 = 0.9646209386281589
visit | 5 ('b', 'c', 'h', 'a', 'd')
you must visit b c h a d but it can be done in any order
& F b & F c & F h & F a F d
& F b & F c & F h & F a F d
True

1386/10725
Partial result: 1337/1386 = 0.9646464646464646
visit | 5 ('b', 'c', 'h', 'd', 'a')
you must visit b c h d a but it can be done in any order
& F b & F c & F h & F d F a
& F b & F c & F h & F d F a
True

1387/10725
Partial result: 1338/1387 = 0.9646719538572458
visit | 5 ('b', 'd', 'a', 'c', 'h')
you must visit b d a c h but it can be done in any order
& F b & F d & F a & F c F h
& F b & F d & F a & F c F h
True

1388/10725
Partial result: 1339/1388 = 0.9646974063400576
visit | 5 ('b', 'd', 'a', 'h', 'c')
you must visit b d a h c but it can be done in any order
& F b & F d & F a & F h F c
& F b & F d & F a & F h F c
True

1389/10725
Partial result: 1340/1389 = 0.9647228221742261
visit | 5 ('b', 'd', 'c', 'a', 'h')
you must visit b d c a h but it can be done in any order
& F b & F d & F c & F a F h
& F b & F d & F c & F a F h
True

1390/10725
Partial result: 1341/1390 = 0.9647482014388489
visit | 5 ('b', 'd', 'c', 'h', 'a')
you must visit b d c h a but it can be done in any order
& F b & F d & F c & F h F a
& F b & F d & F c & F h F a
True

1391/10725
Partial result: 1342/1391 = 0.9647735442127966
visit | 5 ('b', 'd', 'h', 'a', 'c')
you must visit b d h a c but it can be done in any order
& F b & F d & F h & F a F c
& F b & F d & F h & F a F c
True

1392/10725
Partial result: 1343/1392 = 0.9647988505747126
visit | 5 ('b', 'd', 'h', 'c', 'a')
you must visit b d h c a but it can be done in any order
& F b & F d & F h & F c F a
& F b & F d & F h & F c F a
True

1393/10725
Partial result: 1344/1393 = 0.964824120603015
visit | 5 ('b', 'h', 'a', 'c', 'd')
you must visit b h a c d but it can be done in any order
& F b & F h & F a & F c F d
& F b & F h & F a & F c F d
True

1394/10725
Partial result: 1345/1394 = 0.9648493543758967
visit | 5 ('b', 'h', 'a', 'd', 'c')
you must visit b h a d c but it can be done in any order
& F b & F h & F a & F d F c
& F b & F h & F a & F d F c
True

1395/10725
Partial result: 1346/1395 = 0.9648745519713262
visit | 5 ('b', 'h', 'c', 'a', 'd')
you must visit b h c a d but it can be done in any order
& F b & F h & F c & F a F d
& F b & F h & F c & F a F d
True

1396/10725
Partial result: 1347/1396 = 0.9648997134670487
visit | 5 ('b', 'h', 'c', 'd', 'a')
you must visit b h c d a but it can be done in any order
& F b & F h & F c & F d F a
& F b & F h & F c & F d F a
True

1397/10725
Partial result: 1348/1397 = 0.964924838940587
visit | 5 ('b', 'h', 'd', 'a', 'c')
you must visit b h d a c but it can be done in any order
& F b & F h & F d & F a F c
& F b & F h & F d & F a F c
True

1398/10725
Partial result: 1349/1398 = 0.9649499284692418
visit | 5 ('b', 'h', 'd', 'c', 'a')
you must visit b h d c a but it can be done in any order
& F b & F h & F d & F c F a
& F b & F h & F d & F c F a
True

1399/10725
Partial result: 1350/1399 = 0.9649749821300929
visit | 5 ('c', 'a', 'b', 'd', 'h')
you must visit c a b d h but it can be done in any order
& F c & F a & F b & F d F h
& F c & F a & F b & F d F h
True

1400/10725
Partial result: 1351/1400 = 0.965
visit | 5 ('c', 'a', 'b', 'h', 'd')
you must visit c a b h d but it can be done in any order
& F c & F a & F b & F h F d
& F c & F a & F b & F h F d
True

1401/10725
Partial result: 1352/1401 = 0.9650249821556032
visit | 5 ('c', 'a', 'd', 'b', 'h')
you must visit c a d b h but it can be done in any order
& F c & F a & F d & F b F h
& F c & F a & F d & F b F h
True

1402/10725
Partial result: 1353/1402 = 0.9650499286733238
visit | 5 ('c', 'a', 'd', 'h', 'b')
you must visit c a d h b but it can be done in any order
& F c & F a & F d & F h F b
& F c & F a & F d & F h F b
True

1403/10725
Partial result: 1354/1403 = 0.9650748396293657
visit | 5 ('c', 'a', 'h', 'b', 'd')
you must visit c a h b d but it can be done in any order
& F c & F a & F h & F b F d
& F c & F a & F h & F b F d
True

1404/10725
Partial result: 1355/1404 = 0.9650997150997151
visit | 5 ('c', 'a', 'h', 'd', 'b')
you must visit c a h d b but it can be done in any order
& F c & F a & F h & F d F b
& F c & F a & F h & F d F b
True

1405/10725
Partial result: 1356/1405 = 0.9651245551601424
visit | 5 ('c', 'b', 'a', 'd', 'h')
you must visit c b a d h but it can be done in any order
& F c & F b & F a & F d F h
& F c & F b & F a & F d F h
True

1406/10725
Partial result: 1357/1406 = 0.965149359886202
visit | 5 ('c', 'b', 'a', 'h', 'd')
you must visit c b a h d but it can be done in any order
& F c & F b & F a & F h F d
& F c & F b & F a & F h F d
True

1407/10725
Partial result: 1358/1407 = 0.9651741293532339
visit | 5 ('c', 'b', 'd', 'a', 'h')
you must visit c b d a h but it can be done in any order
& F c & F b & F d & F a F h
& F c & F b & F d & F a F h
True

1408/10725
Partial result: 1359/1408 = 0.9651988636363636
visit | 5 ('c', 'b', 'd', 'h', 'a')
you must visit c b d h a but it can be done in any order
& F c & F b & F d & F h F a
& F c & F b & F d & F h F a
True

1409/10725
Partial result: 1360/1409 = 0.9652235628105039
visit | 5 ('c', 'b', 'h', 'a', 'd')
you must visit c b h a d but it can be done in any order
& F c & F b & F h & F a F d
& F c & F b & F h & F a F d
True

1410/10725
Partial result: 1361/1410 = 0.9652482269503546
visit | 5 ('c', 'b', 'h', 'd', 'a')
you must visit c b h d a but it can be done in any order
& F c & F b & F h & F d F a
& F c & F b & F h & F d F a
True

1411/10725
Partial result: 1362/1411 = 0.9652728561304039
visit | 5 ('c', 'd', 'a', 'b', 'h')
you must visit c d a b h but it can be done in any order
& F c & F d & F a & F b F h
& F c & F d & F a & F b F h
True

1412/10725
Partial result: 1363/1412 = 0.9652974504249292
visit | 5 ('c', 'd', 'a', 'h', 'b')
you must visit c d a h b but it can be done in any order
& F c & F d & F a & F h F b
& F c & F d & F a & F h F b
True

1413/10725
Partial result: 1364/1413 = 0.9653220099079972
visit | 5 ('c', 'd', 'b', 'a', 'h')
you must visit c d b a h but it can be done in any order
& F c & F d & F b & F a F h
& F c & F d & F b & F a F h
True

1414/10725
Partial result: 1365/1414 = 0.9653465346534653
visit | 5 ('c', 'd', 'b', 'h', 'a')
you must visit c d b h a but it can be done in any order
& F c & F d & F b & F h F a
& F c & F d & F b & F h F a
True

1415/10725
Partial result: 1366/1415 = 0.9653710247349824
visit | 5 ('c', 'd', 'h', 'a', 'b')
you must visit c d h a b but it can be done in any order
& F c & F d & F h & F a F b
& F c & F d & F h & F a F b
True

1416/10725
Partial result: 1367/1416 = 0.9653954802259888
visit | 5 ('c', 'd', 'h', 'b', 'a')
you must visit c d h b a but it can be done in any order
& F c & F d & F h & F b F a
& F c & F d & F h & F b F a
True

1417/10725
Partial result: 1368/1417 = 0.9654199011997178
visit | 5 ('c', 'h', 'a', 'b', 'd')
you must visit c h a b d but it can be done in any order
& F c & F h & F a & F b F d
& F c & F h & F a & F b F d
True

1418/10725
Partial result: 1369/1418 = 0.9654442877291961
visit | 5 ('c', 'h', 'a', 'd', 'b')
you must visit c h a d b but it can be done in any order
& F c & F h & F a & F d F b
& F c & F h & F a & F d F b
True

1419/10725
Partial result: 1370/1419 = 0.9654686398872445
visit | 5 ('c', 'h', 'b', 'a', 'd')
you must visit c h b a d but it can be done in any order
& F c & F h & F b & F a F d
& F c & F h & F b & F a F d
True

1420/10725
Partial result: 1371/1420 = 0.9654929577464789
visit | 5 ('c', 'h', 'b', 'd', 'a')
you must visit c h b d a but it can be done in any order
& F c & F h & F b & F d F a
& F c & F h & F b & F d F a
True

1421/10725
Partial result: 1372/1421 = 0.9655172413793104
visit | 5 ('c', 'h', 'd', 'a', 'b')
you must visit c h d a b but it can be done in any order
& F c & F h & F d & F a F b
& F c & F h & F d & F a F b
True

1422/10725
Partial result: 1373/1422 = 0.9655414908579466
visit | 5 ('c', 'h', 'd', 'b', 'a')
you must visit c h d b a but it can be done in any order
& F c & F h & F d & F b F a
& F c & F h & F d & F b F a
True

1423/10725
Partial result: 1374/1423 = 0.9655657062543921
visit | 5 ('d', 'a', 'b', 'c', 'h')
you must visit d a b c h but it can be done in any order
& F d & F a & F b & F c F h
& F d & F a & F b & F c F h
True

1424/10725
Partial result: 1375/1424 = 0.9655898876404494
visit | 5 ('d', 'a', 'b', 'h', 'c')
you must visit d a b h c but it can be done in any order
& F d & F a & F b & F h F c
& F d & F a & F b & F h F c
True

1425/10725
Partial result: 1376/1425 = 0.9656140350877193
visit | 5 ('d', 'a', 'c', 'b', 'h')
you must visit d a c b h but it can be done in any order
& F d & F a & F c & F b F h
& F d & F a & F c & F b F h
True

1426/10725
Partial result: 1377/1426 = 0.9656381486676017
visit | 5 ('d', 'a', 'c', 'h', 'b')
you must visit d a c h b but it can be done in any order
& F d & F a & F c & F h F b
& F d & F a & F c & F h F b
True

1427/10725
Partial result: 1378/1427 = 0.9656622284512965
visit | 5 ('d', 'a', 'h', 'b', 'c')
you must visit d a h b c but it can be done in any order
& F d & F a & F h & F b F c
& F d & F a & F h & F b F c
True

1428/10725
Partial result: 1379/1428 = 0.9656862745098039
visit | 5 ('d', 'a', 'h', 'c', 'b')
you must visit d a h c b but it can be done in any order
& F d & F a & F h & F c F b
& F d & F a & F h & F c F b
True

1429/10725
Partial result: 1380/1429 = 0.9657102869139258
visit | 5 ('d', 'b', 'a', 'c', 'h')
you must visit d b a c h but it can be done in any order
& F d & F b & F a & F c F h
& F d & F b & F a & F c F h
True

1430/10725
Partial result: 1381/1430 = 0.9657342657342657
visit | 5 ('d', 'b', 'a', 'h', 'c')
you must visit d b a h c but it can be done in any order
& F d & F b & F a & F h F c
& F d & F b & F a & F h F c
True

1431/10725
Partial result: 1382/1431 = 0.9657582110412299
visit | 5 ('d', 'b', 'c', 'a', 'h')
you must visit d b c a h but it can be done in any order
& F d & F b & F c & F a F h
& F d & F b & F c & F a F h
True

1432/10725
Partial result: 1383/1432 = 0.965782122905028
visit | 5 ('d', 'b', 'c', 'h', 'a')
you must visit d b c h a but it can be done in any order
& F d & F b & F c & F h F a
& F d & F b & F c & F h F a
True

1433/10725
Partial result: 1384/1433 = 0.9658060013956734
visit | 5 ('d', 'b', 'h', 'a', 'c')
you must visit d b h a c but it can be done in any order
& F d & F b & F h & F a F c
& F d & F b & F h & F a F c
True

1434/10725
Partial result: 1385/1434 = 0.9658298465829847
visit | 5 ('d', 'b', 'h', 'c', 'a')
you must visit d b h c a but it can be done in any order
& F d & F b & F h & F c F a
& F d & F b & F h & F c F a
True

1435/10725
Partial result: 1386/1435 = 0.9658536585365853
visit | 5 ('d', 'c', 'a', 'b', 'h')
you must visit d c a b h but it can be done in any order
& F d & F c & F a & F b F h
& F d & F c & F a & F b F h
True

1436/10725
Partial result: 1387/1436 = 0.9658774373259053
visit | 5 ('d', 'c', 'a', 'h', 'b')
you must visit d c a h b but it can be done in any order
& F d & F c & F a & F h F b
& F d & F c & F a & F h F b
True

1437/10725
Partial result: 1388/1437 = 0.9659011830201809
visit | 5 ('d', 'c', 'b', 'a', 'h')
you must visit d c b a h but it can be done in any order
& F d & F c & F b & F a F h
& F d & F c & F b & F a F h
True

1438/10725
Partial result: 1389/1438 = 0.9659248956884562
visit | 5 ('d', 'c', 'b', 'h', 'a')
you must visit d c b h a but it can be done in any order
& F d & F c & F b & F h F a
& F d & F c & F b & F h F a
True

1439/10725
Partial result: 1390/1439 = 0.965948575399583
visit | 5 ('d', 'c', 'h', 'a', 'b')
you must visit d c h a b but it can be done in any order
& F d & F c & F h & F a F b
& F d & F c & F h & F a F b
True

1440/10725
Partial result: 1391/1440 = 0.9659722222222222
visit | 5 ('d', 'c', 'h', 'b', 'a')
you must visit d c h b a but it can be done in any order
& F d & F c & F h & F b F a
& F d & F c & F h & F b F a
True

1441/10725
Partial result: 1392/1441 = 0.9659958362248439
visit | 5 ('d', 'h', 'a', 'b', 'c')
you must visit d h a b c but it can be done in any order
& F d & F h & F a & F b F c
& F d & F h & F a & F b F c
True

1442/10725
Partial result: 1393/1442 = 0.9660194174757282
visit | 5 ('d', 'h', 'a', 'c', 'b')
you must visit d h a c b but it can be done in any order
& F d & F h & F a & F c F b
& F d & F h & F a & F c F b
True

1443/10725
Partial result: 1394/1443 = 0.966042966042966
visit | 5 ('d', 'h', 'b', 'a', 'c')
you must visit d h b a c but it can be done in any order
& F d & F h & F b & F a F c
& F d & F h & F b & F a F c
True

1444/10725
Partial result: 1395/1444 = 0.9660664819944599
visit | 5 ('d', 'h', 'b', 'c', 'a')
you must visit d h b c a but it can be done in any order
& F d & F h & F b & F c F a
& F d & F h & F b & F c F a
True

1445/10725
Partial result: 1396/1445 = 0.9660899653979239
visit | 5 ('d', 'h', 'c', 'a', 'b')
you must visit d h c a b but it can be done in any order
& F d & F h & F c & F a F b
& F d & F h & F c & F a F b
True

1446/10725
Partial result: 1397/1446 = 0.9661134163208852
visit | 5 ('d', 'h', 'c', 'b', 'a')
you must visit d h c b a but it can be done in any order
& F d & F h & F c & F b F a
& F d & F h & F c & F b F a
True

1447/10725
Partial result: 1398/1447 = 0.9661368348306841
visit | 5 ('h', 'a', 'b', 'c', 'd')
you must visit h a b c d but it can be done in any order
& F h & F a & F b & F c F d
& F h & F a & F b & F c F d
True

1448/10725
Partial result: 1399/1448 = 0.9661602209944752
visit | 5 ('h', 'a', 'b', 'd', 'c')
you must visit h a b d c but it can be done in any order
& F h & F a & F b & F d F c
& F h & F a & F b & F d F c
True

1449/10725
Partial result: 1400/1449 = 0.966183574879227
visit | 5 ('h', 'a', 'c', 'b', 'd')
you must visit h a c b d but it can be done in any order
& F h & F a & F c & F b F d
& F h & F a & F c & F b F d
True

1450/10725
Partial result: 1401/1450 = 0.9662068965517241
visit | 5 ('h', 'a', 'c', 'd', 'b')
you must visit h a c d b but it can be done in any order
& F h & F a & F c & F d F b
& F h & F a & F c & F d F b
True

1451/10725
Partial result: 1402/1451 = 0.9662301860785665
visit | 5 ('h', 'a', 'd', 'b', 'c')
you must visit h a d b c but it can be done in any order
& F h & F a & F d & F b F c
& F h & F a & F d & F b F c
True

1452/10725
Partial result: 1403/1452 = 0.9662534435261708
visit | 5 ('h', 'a', 'd', 'c', 'b')
you must visit h a d c b but it can be done in any order
& F h & F a & F d & F c F b
& F h & F a & F d & F c F b
True

1453/10725
Partial result: 1404/1453 = 0.9662766689607708
visit | 5 ('h', 'b', 'a', 'c', 'd')
you must visit h b a c d but it can be done in any order
& F h & F b & F a & F c F d
& F h & F b & F a & F c F d
True

1454/10725
Partial result: 1405/1454 = 0.9662998624484181
visit | 5 ('h', 'b', 'a', 'd', 'c')
you must visit h b a d c but it can be done in any order
& F h & F b & F a & F d F c
& F h & F b & F a & F d F c
True

1455/10725
Partial result: 1406/1455 = 0.9663230240549828
visit | 5 ('h', 'b', 'c', 'a', 'd')
you must visit h b c a d but it can be done in any order
& F h & F b & F c & F a F d
& F h & F b & F c & F a F d
True

1456/10725
Partial result: 1407/1456 = 0.9663461538461539
visit | 5 ('h', 'b', 'c', 'd', 'a')
you must visit h b c d a but it can be done in any order
& F h & F b & F c & F d F a
& F h & F b & F c & F d F a
True

1457/10725
Partial result: 1408/1457 = 0.9663692518874399
visit | 5 ('h', 'b', 'd', 'a', 'c')
you must visit h b d a c but it can be done in any order
& F h & F b & F d & F a F c
& F h & F b & F d & F a F c
True

1458/10725
Partial result: 1409/1458 = 0.96639231824417
visit | 5 ('h', 'b', 'd', 'c', 'a')
you must visit h b d c a but it can be done in any order
& F h & F b & F d & F c F a
& F h & F b & F d & F c F a
True

1459/10725
Partial result: 1410/1459 = 0.9664153529814942
visit | 5 ('h', 'c', 'a', 'b', 'd')
you must visit h c a b d but it can be done in any order
& F h & F c & F a & F b F d
& F h & F c & F a & F b F d
True

1460/10725
Partial result: 1411/1460 = 0.9664383561643836
visit | 5 ('h', 'c', 'a', 'd', 'b')
you must visit h c a d b but it can be done in any order
& F h & F c & F a & F d F b
& F h & F c & F a & F d F b
True

1461/10725
Partial result: 1412/1461 = 0.9664613278576317
visit | 5 ('h', 'c', 'b', 'a', 'd')
you must visit h c b a d but it can be done in any order
& F h & F c & F b & F a F d
& F h & F c & F b & F a F d
True

1462/10725
Partial result: 1413/1462 = 0.966484268125855
visit | 5 ('h', 'c', 'b', 'd', 'a')
you must visit h c b d a but it can be done in any order
& F h & F c & F b & F d F a
& F h & F c & F b & F d F a
True

1463/10725
Partial result: 1414/1463 = 0.9665071770334929
visit | 5 ('h', 'c', 'd', 'a', 'b')
you must visit h c d a b but it can be done in any order
& F h & F c & F d & F a F b
& F h & F c & F d & F a F b
True

1464/10725
Partial result: 1415/1464 = 0.9665300546448088
visit | 5 ('h', 'c', 'd', 'b', 'a')
you must visit h c d b a but it can be done in any order
& F h & F c & F d & F b F a
& F h & F c & F d & F b F a
True

1465/10725
Partial result: 1416/1465 = 0.9665529010238908
visit | 5 ('h', 'd', 'a', 'b', 'c')
you must visit h d a b c but it can be done in any order
& F h & F d & F a & F b F c
& F h & F d & F a & F b F c
True

1466/10725
Partial result: 1417/1466 = 0.9665757162346521
visit | 5 ('h', 'd', 'a', 'c', 'b')
you must visit h d a c b but it can be done in any order
& F h & F d & F a & F c F b
& F h & F d & F a & F c F b
True

1467/10725
Partial result: 1418/1467 = 0.9665985003408316
visit | 5 ('h', 'd', 'b', 'a', 'c')
you must visit h d b a c but it can be done in any order
& F h & F d & F b & F a F c
& F h & F d & F b & F a F c
True

1468/10725
Partial result: 1419/1468 = 0.9666212534059946
visit | 5 ('h', 'd', 'b', 'c', 'a')
you must visit h d b c a but it can be done in any order
& F h & F d & F b & F c F a
& F h & F d & F b & F c F a
True

1469/10725
Partial result: 1420/1469 = 0.966643975493533
visit | 5 ('h', 'd', 'c', 'a', 'b')
you must visit h d c a b but it can be done in any order
& F h & F d & F c & F a F b
& F h & F d & F c & F a F b
True

1470/10725
Partial result: 1421/1470 = 0.9666666666666667
visit | 5 ('h', 'd', 'c', 'b', 'a')
you must visit h d c b a but it can be done in any order
& F h & F d & F c & F b F a
& F h & F d & F c & F b F a
True

